"cycle","year","meanG","gain","varG","varGpct","varGenic","varGenicPct","bridgePoolY","donorPoolY","nElig","nGeno","nPheno","nCross","nBridgeIn","strategy","scenario","axis","level","rep","seed"
1,3,6.28863192007529,0.288631920075286,0.219452604020029,74.8959231394698,0.279667853329077,99.5764290583665,NA,NA,0,0,1260,30,0,"PSRS","PSRS","strategy_comparison","PSRS",1,9001
2,6,6.96638860053656,0.966388600536556,0.148283084934548,50.6068204646495,0.259561779116793,92.4176117377144,NA,NA,0,0,2460,60,0,"PSRS","PSRS","strategy_comparison","PSRS",1,9001
3,9,7.37599708708536,1.37599708708536,0.149162745713333,50.90703565859,0.24059374966258,85.6639980604858,NA,NA,0,0,3660,90,0,"PSRS","PSRS","strategy_comparison","PSRS",1,9001
4,12,7.5897799434429,1.5897799434429,0.158314909199309,54.0305334911469,0.228824706011846,81.473601036938,NA,NA,0,0,4860,120,0,"PSRS","PSRS","strategy_comparison","PSRS",1,9001
5,15,7.98652062152587,1.98652062152587,0.147719766077642,50.4145680828733,0.217995971093546,77.6180032571134,NA,NA,0,0,6060,150,0,"PSRS","PSRS","strategy_comparison","PSRS",1,9001
6,18,8.18421483515228,2.18421483515228,0.120888411001986,41.2574240314372,0.213063511117476,75.8617887153137,NA,NA,0,0,7260,180,0,"PSRS","PSRS","strategy_comparison","PSRS",1,9001
7,21,8.51301249715236,2.51301249715236,0.109766709394875,37.4617520116589,0.202229830281686,72.0044299293661,NA,NA,0,0,8460,210,0,"PSRS","PSRS","strategy_comparison","PSRS",1,9001
8,24,8.81358675896227,2.81358675896227,0.107437464131415,36.6668151048762,0.186179936472611,66.2898256470029,NA,NA,0,0,9660,240,0,"PSRS","PSRS","strategy_comparison","PSRS",1,9001
9,27,8.99932517922608,2.99932517922608,0.100442640026199,34.2795852476694,0.175949873946099,62.6473866490705,NA,NA,0,0,10860,270,0,"PSRS","PSRS","strategy_comparison","PSRS",1,9001
10,30,9.30168068216442,3.30168068216442,0.0934894523111982,31.9065652737098,0.159372189839686,56.7448613293949,NA,NA,0,0,12060,300,0,"PSRS","PSRS","strategy_comparison","PSRS",1,9001
11,33,9.55969645873608,3.55969645873608,0.102978474305906,35.1450279256247,0.148234447454489,52.7792406787262,NA,NA,0,0,13260,330,0,"PSRS","PSRS","strategy_comparison","PSRS",1,9001
12,36,9.75759972176311,3.75759972176311,0.0938724720732236,32.0372842450597,0.13894814271244,49.4728289679998,NA,NA,0,0,14460,360,0,"PSRS","PSRS","strategy_comparison","PSRS",1,9001
13,39,9.9266972797293,3.9266972797293,0.0964985234670367,32.9335166877304,0.132473346636733,47.1674618533124,NA,NA,0,0,15660,390,0,"PSRS","PSRS","strategy_comparison","PSRS",1,9001
14,42,10.0546987777777,4.05469877777774,0.089688896277619,30.609491794681,0.122838042152209,43.7367879233701,NA,NA,0,0,16860,420,0,"PSRS","PSRS","strategy_comparison","PSRS",1,9001
15,45,10.1846939460342,4.18469394603416,0.0800686694878684,27.3262508896714,0.112564012097023,40.078694178395,NA,NA,0,0,18060,450,0,"PSRS","PSRS","strategy_comparison","PSRS",1,9001
16,48,10.4645174661148,4.46451746611477,0.0849886751896809,29.0053759587686,0.10659449595402,37.9532332301643,NA,NA,0,0,19260,480,0,"PSRS","PSRS","strategy_comparison","PSRS",1,9001
17,51,10.6165670327281,4.61656703272805,0.0672389796498305,22.9476677860267,0.0988952532491004,35.2118988726989,NA,NA,0,0,20460,510,0,"PSRS","PSRS","strategy_comparison","PSRS",1,9001
18,54,10.8807725510864,4.88077255108644,0.0574046422755202,19.5913541099915,0.0888725286094634,31.6432830408463,NA,NA,0,0,21660,540,0,"PSRS","PSRS","strategy_comparison","PSRS",1,9001
19,57,10.9891109832067,4.98911098320667,0.050947015368477,17.387461699359,0.0855827901906997,30.4719635617672,NA,NA,0,0,22860,570,0,"PSRS","PSRS","strategy_comparison","PSRS",1,9001
20,60,11.0506983637942,5.05069836379418,0.0479440000070264,16.3625770382623,0.0844672955763066,30.0747889526268,NA,NA,0,0,24060,600,0,"PSRS","PSRS","strategy_comparison","PSRS",1,9001
1,3,6.17372779875673,0.173727798756734,0.237089605015899,80.9151703336244,0.276886616137139,98.5861626954619,NA,NA,0,1320,320,30,0,"MAGIC","MAGIC","strategy_comparison","MAGIC",1,9001
2,6,6.88502062132556,0.885020621325563,0.189946215751465,64.8258298828684,0.240029438218873,85.4630735789186,NA,NA,0,2520,520,60,0,"MAGIC","MAGIC","strategy_comparison","MAGIC",1,9001
3,9,7.41024360296113,1.41024360296113,0.112838774750111,38.5102024128404,0.190359321774081,67.7779060932375,NA,NA,0,3720,720,90,0,"MAGIC","MAGIC","strategy_comparison","MAGIC",1,9001
4,12,7.43884758516864,1.43884758516864,0.12851657847716,43.8608045994958,0.163758839090218,58.3067386159686,NA,NA,0,4920,920,120,0,"MAGIC","MAGIC","strategy_comparison","MAGIC",1,9001
5,15,8.00295552841674,2.00295552841674,0.0990337909829661,33.7987659376036,0.131573496407702,46.8470679595285,NA,NA,0,6120,1120,150,0,"MAGIC","MAGIC","strategy_comparison","MAGIC",1,9001
6,18,8.31245339214784,2.31245339214784,0.0880554286750921,30.0520134974605,0.105332260044856,37.5038110210414,NA,NA,0,7320,1320,180,0,"MAGIC","MAGIC","strategy_comparison","MAGIC",1,9001
7,21,8.87888249043716,2.87888249043716,0.0579190705897026,19.7669208737208,0.0818166418212546,29.1310171445468,NA,NA,0,8520,1520,210,0,"MAGIC","MAGIC","strategy_comparison","MAGIC",1,9001
8,24,9.12404891854925,3.12404891854925,0.036449817156435,12.4397826874131,0.057196034444997,20.364789154478,NA,NA,0,9720,1720,240,0,"MAGIC","MAGIC","strategy_comparison","MAGIC",1,9001
9,27,9.22352038844136,3.22352038844136,0.0317010863180817,10.8191111922283,0.0527411279400708,18.7786087041012,NA,NA,0,10920,1920,270,0,"MAGIC","MAGIC","strategy_comparison","MAGIC",1,9001
10,30,9.40998059167367,3.40998059167367,0.0305696361948631,10.4329640246286,0.0424502327985798,15.1145101035445,NA,NA,0,12120,2120,300,0,"MAGIC","MAGIC","strategy_comparison","MAGIC",1,9001
11,33,9.57621165748884,3.57621165748884,0.0270583230709132,9.23460486628402,0.0335263767979897,11.9371491612976,NA,NA,0,13320,2320,330,0,"MAGIC","MAGIC","strategy_comparison","MAGIC",1,9001
12,36,9.84636476472134,3.84636476472134,0.0366368499053155,12.5036141942083,0.0293796387047248,10.460692834078,NA,NA,0,14520,2520,360,0,"MAGIC","MAGIC","strategy_comparison","MAGIC",1,9001
13,39,10.1256011113513,4.12560111135134,0.0200300145993379,6.83594729082163,0.0177955659898787,6.33615516853683,NA,NA,0,15720,2720,390,0,"MAGIC","MAGIC","strategy_comparison","MAGIC",1,9001
14,42,10.1588910988684,4.15889109886836,0.0184638208381502,6.30142855916548,0.0133217806600576,4.74325286598616,NA,NA,0,16920,2920,420,0,"MAGIC","MAGIC","strategy_comparison","MAGIC",1,9001
15,45,10.2341945101163,4.23419451011627,0.0103506285882811,3.53251621986835,0.0102422748383379,3.64678722168319,NA,NA,0,18120,3120,450,0,"MAGIC","MAGIC","strategy_comparison","MAGIC",1,9001
16,48,10.251780573597,4.25178057359702,0.00496072402506673,1.69302162968916,0.00545292713227255,1.94152815664612,NA,NA,0,19320,3320,480,0,"MAGIC","MAGIC","strategy_comparison","MAGIC",1,9001
17,51,10.2571629436464,4.25716294364641,0.00319955559717666,1.09196093232383,0.00404159818101687,1.43902100210603,NA,NA,0,20520,3520,510,0,"MAGIC","MAGIC","strategy_comparison","MAGIC",1,9001
18,54,10.2432519909384,4.24325199093839,0.00242363970830475,0.827152332602955,0.00432594077975109,1.54026188579748,NA,NA,0,21720,3720,540,0,"MAGIC","MAGIC","strategy_comparison","MAGIC",1,9001
19,57,10.2780678438864,4.27806784388641,0.00261634720822049,0.892920547869938,0.00506402087055797,1.80305712281439,NA,NA,0,22920,3920,570,0,"MAGIC","MAGIC","strategy_comparison","MAGIC",1,9001
20,60,10.2863132386821,4.28631323868215,0.00185571278962997,0.633327287601346,0.00560010997798394,1.99393297193014,NA,NA,0,24120,4120,600,0,"MAGIC","MAGIC","strategy_comparison","MAGIC",1,9001
1,3,6.0798685387414,0.079868538741402,0.144814156459352,93.1905828694139,0.20432064403551,99.1020751699496,NA,NA,0,0,1260,30,0,"PSRS","PSRS","strategy_comparison","PSRS",2,9002
2,6,6.19960578922622,0.199605789226217,0.166960044016281,107.441870312918,0.196585305027912,95.3501872909019,NA,NA,0,0,2460,60,0,"PSRS","PSRS","strategy_comparison","PSRS",2,9002
3,9,6.54025257319976,0.540252573199764,0.14024927772823,90.2529991408449,0.186585988891229,90.5001977849298,NA,NA,0,0,3660,90,0,"PSRS","PSRS","strategy_comparison","PSRS",2,9002
4,12,6.73349768089125,0.733497680891253,0.12841726018787,82.6388774412387,0.173348842288863,84.0797565034542,NA,NA,0,0,4860,120,0,"PSRS","PSRS","strategy_comparison","PSRS",2,9002
5,15,7.04829208340992,1.04829208340992,0.159526062014984,102.657965667959,0.157204964227264,76.249457099557,NA,NA,0,0,6060,150,0,"PSRS","PSRS","strategy_comparison","PSRS",2,9002
6,18,7.34088707150601,1.34088707150601,0.110121889607952,70.865468750818,0.149827426428069,72.6711142992188,NA,NA,0,0,7260,180,0,"PSRS","PSRS","strategy_comparison","PSRS",2,9002
7,21,7.63074841551034,1.63074841551034,0.11763153540335,75.6980644439915,0.139588492248948,67.7049023460935,NA,NA,0,0,8460,210,0,"PSRS","PSRS","strategy_comparison","PSRS",2,9002
8,24,7.7761250337974,1.7761250337974,0.101470458750013,65.2981132931903,0.13419511355925,65.0889404453787,NA,NA,0,0,9660,240,0,"PSRS","PSRS","strategy_comparison","PSRS",2,9002
9,27,7.95083449078758,1.95083449078758,0.0891104133192551,57.3441958990155,0.123958899298511,60.1240477400326,NA,NA,0,0,10860,270,0,"PSRS","PSRS","strategy_comparison","PSRS",2,9002
10,30,8.11834572466689,2.11834572466689,0.101163751125186,65.1007412749641,0.115967216261129,56.2478247727276,NA,NA,0,0,12060,300,0,"PSRS","PSRS","strategy_comparison","PSRS",2,9002
11,33,8.33754407538282,2.33754407538282,0.0961496324352254,61.8740633401653,0.109432526155493,53.0782901761718,NA,NA,0,0,13260,330,0,"PSRS","PSRS","strategy_comparison","PSRS",2,9002
12,36,8.60908888878689,2.60908888878689,0.0814197027415016,52.3950816760425,0.107715586322875,52.2455192089622,NA,NA,0,0,14460,360,0,"PSRS","PSRS","strategy_comparison","PSRS",2,9002
13,39,8.75460698271279,2.75460698271279,0.05554779829383,35.7460335831715,0.102661504375218,49.7941271264043,NA,NA,0,0,15660,390,0,"PSRS","PSRS","strategy_comparison","PSRS",2,9002
14,42,8.99480316201467,2.99480316201467,0.056442317534946,36.3216732271514,0.0993242762064564,48.1754642722364,NA,NA,0,0,16860,420,0,"PSRS","PSRS","strategy_comparison","PSRS",2,9002
15,45,9.12211969553035,3.12211969553035,0.0461772360140171,29.7159037808064,0.0897371407484525,43.5253956347352,NA,NA,0,0,18060,450,0,"PSRS","PSRS","strategy_comparison","PSRS",2,9002
16,48,9.2531572406015,3.2531572406015,0.0461933230299546,29.7262560725194,0.0810174081689364,39.2960452544237,NA,NA,0,0,19260,480,0,"PSRS","PSRS","strategy_comparison","PSRS",2,9002
17,51,9.40329970373083,3.40329970373083,0.0445214880063704,28.6503993737094,0.0734708015012039,35.6356986223248,NA,NA,0,0,20460,510,0,"PSRS","PSRS","strategy_comparison","PSRS",2,9002
18,54,9.5156312925686,3.5156312925686,0.0471219073660155,30.3238172339188,0.0688016641314946,33.3710170245547,NA,NA,0,0,21660,540,0,"PSRS","PSRS","strategy_comparison","PSRS",2,9002
19,57,9.65922272989664,3.65922272989664,0.0345511666915929,22.2343135611304,0.0663316888172683,32.1729996611412,NA,NA,0,0,22860,570,0,"PSRS","PSRS","strategy_comparison","PSRS",2,9002
20,60,9.72082199322875,3.72082199322875,0.0314419048225357,20.2334461531679,0.0641681914003816,31.1236339220579,NA,NA,0,0,24060,600,0,"PSRS","PSRS","strategy_comparison","PSRS",2,9002
1,3,6.13104197579763,0.13104197579763,0.158421618540556,101.94723590476,0.202728888328944,98.3300225248095,NA,NA,0,1320,320,30,0,"MAGIC","MAGIC","strategy_comparison","MAGIC",2,9002
2,6,6.35246050801283,0.352460508012827,0.115905684583172,74.587447582972,0.164522189103677,79.7985461950854,NA,NA,0,2520,520,60,0,"MAGIC","MAGIC","strategy_comparison","MAGIC",2,9002
3,9,6.66961128877348,0.669611288773478,0.13937000381982,89.6871701498817,0.151814311716204,73.6348174830467,NA,NA,0,3720,720,90,0,"MAGIC","MAGIC","strategy_comparison","MAGIC",2,9002
4,12,7.10661464280145,1.10661464280145,0.126921694068935,81.6764530363954,0.130481224942298,63.287585175443,NA,NA,0,4920,920,120,0,"MAGIC","MAGIC","strategy_comparison","MAGIC",2,9002
5,15,7.51621661054291,1.51621661054291,0.106773743918581,68.7108751948231,0.120815779362956,58.5995336137586,NA,NA,0,6120,1120,150,0,"MAGIC","MAGIC","strategy_comparison","MAGIC",2,9002
6,18,7.98489766291112,1.98489766291112,0.0901954493506532,58.0424366143747,0.106661731560961,51.7343657994455,NA,NA,0,7320,1320,180,0,"MAGIC","MAGIC","strategy_comparison","MAGIC",2,9002
7,21,8.27250599351249,2.27250599351249,0.0729114335871114,46.9198534173327,0.0916497059041898,44.4530511671755,NA,NA,0,8520,1520,210,0,"MAGIC","MAGIC","strategy_comparison","MAGIC",2,9002
8,24,8.56770927314437,2.56770927314437,0.0584429106633197,37.609091835083,0.0804772806443458,39.0340660560123,NA,NA,0,9720,1720,240,0,"MAGIC","MAGIC","strategy_comparison","MAGIC",2,9002
9,27,8.74152453807224,2.74152453807224,0.0491588129881308,31.6346036018813,0.0686105348983081,33.2783132073568,NA,NA,0,10920,1920,270,0,"MAGIC","MAGIC","strategy_comparison","MAGIC",2,9002
10,30,8.91590983970307,2.91590983970307,0.0307354271464567,19.7788147274309,0.0596694237221407,28.9415870969525,NA,NA,0,12120,2120,300,0,"MAGIC","MAGIC","strategy_comparison","MAGIC",2,9002
11,33,9.12984997467927,3.12984997467927,0.0232779502310518,14.9797906715413,0.0525684357350074,25.4973798382896,NA,NA,0,13320,2320,330,0,"MAGIC","MAGIC","strategy_comparison","MAGIC",2,9002
12,36,9.29074611903143,3.29074611903143,0.0324848156246681,20.9045785058866,0.0422781816511779,20.5062760829769,NA,NA,0,14520,2520,360,0,"MAGIC","MAGIC","strategy_comparison","MAGIC",2,9002
13,39,9.4582491742164,3.4582491742164,0.0287225560102372,18.4834949948053,0.0373015453145959,18.092447609356,NA,NA,0,15720,2720,390,0,"MAGIC","MAGIC","strategy_comparison","MAGIC",2,9002
14,42,9.49198069971405,3.49198069971405,0.0208853086187498,13.4400816272075,0.0292358541396975,14.1803283182018,NA,NA,0,16920,2920,420,0,"MAGIC","MAGIC","strategy_comparison","MAGIC",2,9002
15,45,9.55752266669957,3.55752266669957,0.0134067644689096,8.62750041706952,0.028321693225676,13.7369309119023,NA,NA,0,18120,3120,450,0,"MAGIC","MAGIC","strategy_comparison","MAGIC",2,9002
16,48,9.55232281908325,3.55232281908325,0.0185023495966993,11.9066035084357,0.0231652140534975,11.2358728864358,NA,NA,0,19320,3320,480,0,"MAGIC","MAGIC","strategy_comparison","MAGIC",2,9002
17,51,9.6022554158358,3.6022554158358,0.0116206160339285,7.47808092786444,0.0189418157283457,9.18738904248756,NA,NA,0,20520,3520,510,0,"MAGIC","MAGIC","strategy_comparison","MAGIC",2,9002
18,54,9.57960382894069,3.57960382894069,0.00971152277459932,6.24954417469904,0.0158114563647691,7.66906420349476,NA,NA,0,21720,3720,540,0,"MAGIC","MAGIC","strategy_comparison","MAGIC",2,9002
19,57,9.52510890646438,3.52510890646438,0.0102724083927147,6.61048442358908,0.0145029735348368,7.03440800229365,NA,NA,0,22920,3920,570,0,"MAGIC","MAGIC","strategy_comparison","MAGIC",2,9002
20,60,9.56039258058491,3.56039258058491,0.0100906907297949,6.49354575309443,0.0136951816439206,6.64260298879073,NA,NA,0,24120,4120,600,0,"MAGIC","MAGIC","strategy_comparison","MAGIC",2,9002
1,3,6.45216443695207,0.452164436952073,0.272012440497532,86.2391719577443,0.344829271097937,94.530854975993,NA,NA,0,0,1260,30,0,"PSRS","PSRS","strategy_comparison","PSRS",3,9003
2,6,6.83541823703232,0.835418237032321,0.192741875319972,61.1071306105502,0.318404849534413,87.2869131995523,NA,NA,0,0,2460,60,0,"PSRS","PSRS","strategy_comparison","PSRS",3,9003
3,9,7.37926504811337,1.37926504811337,0.227273606496704,72.0551148185584,0.300061758458063,82.2583723311137,NA,NA,0,0,3660,90,0,"PSRS","PSRS","strategy_comparison","PSRS",3,9003
4,12,7.83742264835604,1.83742264835604,0.174969507008232,55.4725562354621,0.289744202513076,79.4299367356177,NA,NA,0,0,4860,120,0,"PSRS","PSRS","strategy_comparison","PSRS",3,9003
5,15,8.17547022462652,2.17547022462652,0.223470793596009,70.8494661538639,0.277987387455515,76.2069453241078,NA,NA,0,0,6060,150,0,"PSRS","PSRS","strategy_comparison","PSRS",3,9003
6,18,8.55456802077021,2.55456802077021,0.223888227355086,70.9818098866144,0.265500460742112,72.7838024613161,NA,NA,0,0,7260,180,0,"PSRS","PSRS","strategy_comparison","PSRS",3,9003
7,21,8.88715452968641,2.88715452968641,0.200423174662035,63.5424195760379,0.245805053174817,67.3845400654385,NA,NA,0,0,8460,210,0,"PSRS","PSRS","strategy_comparison","PSRS",3,9003
8,24,9.38633813643245,3.38633813643245,0.190043057685783,60.2514940168277,0.217167168138418,59.5338035297162,NA,NA,0,0,9660,240,0,"PSRS","PSRS","strategy_comparison","PSRS",3,9003
9,27,9.787913249198,3.787913249198,0.133004325111804,42.1678613061252,0.199929829452509,54.8083915648286,NA,NA,0,0,10860,270,0,"PSRS","PSRS","strategy_comparison","PSRS",3,9003
10,30,9.92963137396269,3.92963137396269,0.118086889188893,37.4384183461949,0.192844937356759,52.8661524240171,NA,NA,0,0,12060,300,0,"PSRS","PSRS","strategy_comparison","PSRS",3,9003
11,33,10.1420706168723,4.14207061687229,0.127388825285408,40.387516060623,0.180958109237407,49.6075194735798,NA,NA,0,0,13260,330,0,"PSRS","PSRS","strategy_comparison","PSRS",3,9003
12,36,10.4806777552739,4.48067775527392,0.11909607348973,37.7583714273765,0.172438208317387,47.2718896828839,NA,NA,0,0,14460,360,0,"PSRS","PSRS","strategy_comparison","PSRS",3,9003
13,39,10.7817840909564,4.78178409095636,0.115471549613184,36.6092477428765,0.158115773741025,43.3455641086937,NA,NA,0,0,15660,390,0,"PSRS","PSRS","strategy_comparison","PSRS",3,9003
14,42,11.0025251177462,5.00252511774619,0.123274357669235,39.0830599864203,0.147619969976365,40.4682639874644,NA,NA,0,0,16860,420,0,"PSRS","PSRS","strategy_comparison","PSRS",3,9003
15,45,11.2099928727763,5.20999287277626,0.0846047818589271,26.8232082247196,0.136919660387656,37.5349010200229,NA,NA,0,0,18060,450,0,"PSRS","PSRS","strategy_comparison","PSRS",3,9003
16,48,11.4052118444193,5.40521184441928,0.0895896570640685,28.4036194339194,0.130449819999471,35.7612710102907,NA,NA,0,0,19260,480,0,"PSRS","PSRS","strategy_comparison","PSRS",3,9003
17,51,11.5884837852943,5.58848378529432,0.093472975573569,29.6347916997722,0.121478925929192,33.3020067962571,NA,NA,0,0,20460,510,0,"PSRS","PSRS","strategy_comparison","PSRS",3,9003
18,54,11.8337627093051,5.83376270930506,0.0857003202254573,27.1705391093097,0.110063431095972,30.1725842761722,NA,NA,0,0,21660,540,0,"PSRS","PSRS","strategy_comparison","PSRS",3,9003
19,57,12.1060964863992,6.10609648639923,0.0665644496153582,21.1036782220391,0.0977091152406526,26.7857951073515,NA,NA,0,0,22860,570,0,"PSRS","PSRS","strategy_comparison","PSRS",3,9003
20,60,12.2585492798506,6.25854927985059,0.0872742396673771,27.6695365417473,0.0903896103887602,24.7792396619648,NA,NA,0,0,24060,600,0,"PSRS","PSRS","strategy_comparison","PSRS",3,9003
1,3,6.3919101111318,0.391910111131796,0.302339224270404,95.8540142639652,0.35128433410835,96.3004339428694,NA,NA,0,1320,320,30,0,"MAGIC","MAGIC","strategy_comparison","MAGIC",3,9003
2,6,7.03568828685795,1.03568828685795,0.208865941018461,66.2191250174477,0.291908843838516,80.0233474822132,NA,NA,0,2520,520,60,0,"MAGIC","MAGIC","strategy_comparison","MAGIC",3,9003
3,9,7.35054948318341,1.35054948318341,0.237794412476132,75.3906445992346,0.260693840863232,71.4661246283166,NA,NA,0,3720,720,90,0,"MAGIC","MAGIC","strategy_comparison","MAGIC",3,9003
4,12,7.79272649375784,1.79272649375784,0.216204312268015,68.5456916219843,0.234475484521622,64.278673188518,NA,NA,0,4920,920,120,0,"MAGIC","MAGIC","strategy_comparison","MAGIC",3,9003
5,15,8.50906767269797,2.50906767269797,0.267997352539553,84.9662233374523,0.196384236304441,53.8364092542296,NA,NA,0,6120,1120,150,0,"MAGIC","MAGIC","strategy_comparison","MAGIC",3,9003
6,18,9.0582528083999,3.0582528083999,0.157453282597014,49.9191900501271,0.165086031444357,45.2563775903946,NA,NA,0,7320,1320,180,0,"MAGIC","MAGIC","strategy_comparison","MAGIC",3,9003
7,21,9.58582186880623,3.58582186880623,0.150395218600822,47.6814924156254,0.134679499660395,36.9207875250829,NA,NA,0,8520,1520,210,0,"MAGIC","MAGIC","strategy_comparison","MAGIC",3,9003
8,24,10.008063707513,4.00806370751304,0.101080627279082,32.046731324395,0.114793741214871,31.4693426935111,NA,NA,0,9720,1720,240,0,"MAGIC","MAGIC","strategy_comparison","MAGIC",3,9003
9,27,10.2957492599338,4.29574925993383,0.0961338438830627,30.4783967910674,0.099724297335787,27.3382333785541,NA,NA,0,10920,1920,270,0,"MAGIC","MAGIC","strategy_comparison","MAGIC",3,9003
10,30,10.6214129833196,4.62141298331965,0.0695937292100055,22.064084898267,0.0942277953319176,25.8314325430314,NA,NA,0,12120,2120,300,0,"MAGIC","MAGIC","strategy_comparison","MAGIC",3,9003
11,33,10.846178892018,4.84617889201803,0.107383613060049,34.0450379960229,0.0879352736477296,24.1064123529898,NA,NA,0,13320,2320,330,0,"MAGIC","MAGIC","strategy_comparison","MAGIC",3,9003
12,36,11.0933019396764,5.09330193967641,0.0955192950833318,30.2835594537769,0.0712793473461059,19.5403876976686,NA,NA,0,14520,2520,360,0,"MAGIC","MAGIC","strategy_comparison","MAGIC",3,9003
13,39,11.4716531764302,5.47165317643022,0.0357417990965977,11.3316256886369,0.056200308313072,15.4066479850552,NA,NA,0,15720,2720,390,0,"MAGIC","MAGIC","strategy_comparison","MAGIC",3,9003
14,42,11.5279399404306,5.52793994043061,0.0376770669141789,11.9451854721505,0.0409605723146081,11.2288551052447,NA,NA,0,16920,2920,420,0,"MAGIC","MAGIC","strategy_comparison","MAGIC",3,9003
15,45,11.6312561447567,5.63125614475667,0.0246113603072655,7.80281714237084,0.0330204322571523,9.05215987902293,NA,NA,0,18120,3120,450,0,"MAGIC","MAGIC","strategy_comparison","MAGIC",3,9003
16,48,11.7078684146951,5.70786841469512,0.0270480779344452,8.57535721472361,0.0356120694361015,9.76262647466194,NA,NA,0,19320,3320,480,0,"MAGIC","MAGIC","strategy_comparison","MAGIC",3,9003
17,51,11.7244148896675,5.72441488966752,0.0260960482171303,8.27352449578534,0.0285441957808752,7.82505273748036,NA,NA,0,20520,3520,510,0,"MAGIC","MAGIC","strategy_comparison","MAGIC",3,9003
18,54,11.7039674122716,5.70396741227158,0.0189256591466035,6.00021517608643,0.0253116369580808,6.93888507454968,NA,NA,0,21720,3720,540,0,"MAGIC","MAGIC","strategy_comparison","MAGIC",3,9003
19,57,11.7937955410192,5.79379554101921,0.0165892402003125,5.25947392577456,0.0235000120858557,6.44224960180706,NA,NA,0,22920,3920,570,0,"MAGIC","MAGIC","strategy_comparison","MAGIC",3,9003
20,60,11.9943091807012,5.99430918070123,0.016485737022618,5.22665914596875,0.02403113670161,6.58785111604683,NA,NA,0,24120,4120,600,0,"MAGIC","MAGIC","strategy_comparison","MAGIC",3,9003
1,3,6.16506170610108,0.165061706101085,0.313037883591896,94.4762007221412,0.350695918584591,96.7239373717297,NA,NA,0,0,1260,30,0,"PSRS","PSRS","strategy_comparison","PSRS",4,9004
2,6,6.82858258678463,0.828582586784625,0.295699865791019,89.2435112115794,0.320091876541128,88.283167778856,NA,NA,0,0,2460,60,0,"PSRS","PSRS","strategy_comparison","PSRS",4,9004
3,9,7.24265183932222,1.24265183932222,0.324543593186858,97.9486741386861,0.30925815083406,85.2951643512078,NA,NA,0,0,3660,90,0,"PSRS","PSRS","strategy_comparison","PSRS",4,9004
4,12,7.87164105294783,1.87164105294783,0.258500930111721,78.0167099261829,0.286321584949478,78.9691284763201,NA,NA,0,0,4860,120,0,"PSRS","PSRS","strategy_comparison","PSRS",4,9004
5,15,8.37613568639815,2.37613568639815,0.19072259500254,57.5609123118097,0.273687904384587,75.484687218307,NA,NA,0,0,6060,150,0,"PSRS","PSRS","strategy_comparison","PSRS",4,9004
6,18,8.87422356379913,2.87422356379913,0.170560013692848,51.4757571956502,0.249196740603364,68.7298843643229,NA,NA,0,0,7260,180,0,"PSRS","PSRS","strategy_comparison","PSRS",4,9004
7,21,9.18759124759487,3.18759124759487,0.197166514143087,59.5057152576195,0.242403360861838,66.856231430711,NA,NA,0,0,8460,210,0,"PSRS","PSRS","strategy_comparison","PSRS",4,9004
8,24,9.72560752524131,3.72560752524131,0.184948235652772,55.8181854357179,0.23092977481539,63.6917508668514,NA,NA,0,0,9660,240,0,"PSRS","PSRS","strategy_comparison","PSRS",4,9004
9,27,9.92814805492583,3.92814805492583,0.198749585405782,59.9834930800853,0.220957667358263,60.9413866737345,NA,NA,0,0,10860,270,0,"PSRS","PSRS","strategy_comparison","PSRS",4,9004
10,30,10.2863158082516,4.28631580825157,0.14561777121954,43.9480794611538,0.203660010901353,56.1705942260537,NA,NA,0,0,12060,300,0,"PSRS","PSRS","strategy_comparison","PSRS",4,9004
11,33,10.791001015193,4.79100101519298,0.126250240956613,38.1028742239568,0.187688479607118,51.7655546725023,NA,NA,0,0,13260,330,0,"PSRS","PSRS","strategy_comparison","PSRS",4,9004
12,36,11.1125763385079,5.11257633850787,0.118680469158522,35.8182840279995,0.173522297591262,47.8584407613156,NA,NA,0,0,14460,360,0,"PSRS","PSRS","strategy_comparison","PSRS",4,9004
13,39,11.3359274869952,5.33592748699521,0.146372908730453,44.1759832606406,0.160134094506648,44.165897882851,NA,NA,0,0,15660,390,0,"PSRS","PSRS","strategy_comparison","PSRS",4,9004
14,42,11.7167199877329,5.71671998773291,0.131648391176785,39.7320595413293,0.142962041254806,39.4297475165201,NA,NA,0,0,16860,420,0,"PSRS","PSRS","strategy_comparison","PSRS",4,9004
15,45,11.9432976146618,5.94329761466179,0.13716261189474,41.3962754419671,0.137433627834077,37.9049795191341,NA,NA,0,0,18060,450,0,"PSRS","PSRS","strategy_comparison","PSRS",4,9004
16,48,12.2526284548776,6.25262845487755,0.103758330699106,31.3147174560594,0.119691582780789,33.0116221584133,NA,NA,0,0,19260,480,0,"PSRS","PSRS","strategy_comparison","PSRS",4,9004
17,51,12.3731078104944,6.37310781049444,0.06609222406814,19.9469219366904,0.108667355327036,29.9710772609646,NA,NA,0,0,20460,510,0,"PSRS","PSRS","strategy_comparison","PSRS",4,9004
18,54,12.6255296428413,6.62552964284128,0.078085228209494,23.5664629760017,0.095540673044776,26.3506633134847,NA,NA,0,0,21660,540,0,"PSRS","PSRS","strategy_comparison","PSRS",4,9004
19,57,12.8587795638241,6.85877956382414,0.0520286933985298,15.7024869463994,0.080532983126004,22.2114567163384,NA,NA,0,0,22860,570,0,"PSRS","PSRS","strategy_comparison","PSRS",4,9004
20,60,13.0537228397329,7.05372283973292,0.0500233769146407,15.097273671669,0.0830603007564783,22.9085053537878,NA,NA,0,0,24060,600,0,"PSRS","PSRS","strategy_comparison","PSRS",4,9004
1,3,6.15891925404596,0.158919254045962,0.279542287432725,84.3670834813435,0.350369570028894,96.633928576104,NA,NA,0,1320,320,30,0,"MAGIC","MAGIC","strategy_comparison","MAGIC",4,9004
2,6,6.92786575417806,0.927865754178056,0.318974734098659,96.2679681392296,0.263390319769503,72.6445545660383,NA,NA,0,2520,520,60,0,"MAGIC","MAGIC","strategy_comparison","MAGIC",4,9004
3,9,7.80899584775935,1.80899584775935,0.231335352766587,69.8180200150997,0.21371929631173,58.9450025966004,NA,NA,0,3720,720,90,0,"MAGIC","MAGIC","strategy_comparison","MAGIC",4,9004
4,12,8.79504294902365,2.79504294902365,0.159558236823234,48.1553728769621,0.192947725645479,53.2160847684613,NA,NA,0,4920,920,120,0,"MAGIC","MAGIC","strategy_comparison","MAGIC",4,9004
5,15,9.3649871997354,3.3649871997354,0.136453139148721,41.1821534680045,0.157642303030286,43.4786475616158,NA,NA,0,6120,1120,150,0,"MAGIC","MAGIC","strategy_comparison","MAGIC",4,9004
6,18,9.98188429028616,3.98188429028616,0.105755393088452,31.9174396090001,0.118122022537694,32.5787284787064,NA,NA,0,7320,1320,180,0,"MAGIC","MAGIC","strategy_comparison","MAGIC",4,9004
7,21,10.406455724386,4.406455724386,0.0756062475131396,22.8182957728257,0.0979201920426849,27.0069482439096,NA,NA,0,8520,1520,210,0,"MAGIC","MAGIC","strategy_comparison","MAGIC",4,9004
8,24,10.517390864049,4.51739086404901,0.0791146335922964,23.8771420173183,0.0881104491792353,24.3013651330865,NA,NA,0,9720,1720,240,0,"MAGIC","MAGIC","strategy_comparison","MAGIC",4,9004
9,27,10.8779344055165,4.8779344055165,0.0261594135363249,7.89502527832485,0.0584311040174314,16.1156322216502,NA,NA,0,10920,1920,270,0,"MAGIC","MAGIC","strategy_comparison","MAGIC",4,9004
10,30,11.0007150016823,5.00071500168228,0.0210650116721735,6.35751254167381,0.0571808072665256,15.7707932365865,NA,NA,0,12120,2120,300,0,"MAGIC","MAGIC","strategy_comparison","MAGIC",4,9004
11,33,11.1280205196477,5.12802051964772,0.0210657971920741,6.35774961501124,0.0451220660585585,12.4449235370224,NA,NA,0,13320,2320,330,0,"MAGIC","MAGIC","strategy_comparison","MAGIC",4,9004
12,36,11.1207671531077,5.12076715310767,0.018014549666495,5.43686978292241,0.0379095593545751,10.4556729932896,NA,NA,0,14520,2520,360,0,"MAGIC","MAGIC","strategy_comparison","MAGIC",4,9004
13,39,11.1887617652733,5.18876176527334,0.0119286585969525,3.60012127292812,0.0264734431324078,7.30152682097843,NA,NA,0,15720,2720,390,0,"MAGIC","MAGIC","strategy_comparison","MAGIC",4,9004
14,42,11.1975025925306,5.19750259253059,0.00890861969991096,2.68866034126164,0.0189473776687185,5.22579498040431,NA,NA,0,16920,2920,420,0,"MAGIC","MAGIC","strategy_comparison","MAGIC",4,9004
15,45,11.1649684846881,5.16496848468812,0.0110751895786607,3.3425405949697,0.0129826666993267,3.58069362715102,NA,NA,0,18120,3120,450,0,"MAGIC","MAGIC","strategy_comparison","MAGIC",4,9004
16,48,11.1920360633756,5.19203606337561,0.00820494017344776,2.47628678626767,0.0102845389585271,2.83653458567909,NA,NA,0,19320,3320,480,0,"MAGIC","MAGIC","strategy_comparison","MAGIC",4,9004
17,51,11.2566798233835,5.25667982338349,0.0050339384574435,1.5192646163822,0.00665849286130062,1.83645036162918,NA,NA,0,20520,3520,510,0,"MAGIC","MAGIC","strategy_comparison","MAGIC",4,9004
18,54,11.2470095930453,5.24700959304534,0.0037779199285473,1.14019273765257,0.00510951172302114,1.4092325165695,NA,NA,0,21720,3720,540,0,"MAGIC","MAGIC","strategy_comparison","MAGIC",4,9004
19,57,11.2486583036465,5.24865830364648,0.00476903609244899,1.43931592544478,0.00504586463515741,1.39167828621156,NA,NA,0,22920,3920,570,0,"MAGIC","MAGIC","strategy_comparison","MAGIC",4,9004
20,60,11.2341226832911,5.23412268329106,0.00291716344134389,0.880412669742545,0.00309015232886554,0.852281661938417,NA,NA,0,24120,4120,600,0,"MAGIC","MAGIC","strategy_comparison","MAGIC",4,9004
1,3,6.47935804080263,0.47935804080263,0.343380984605828,84.158076477451,0.492497519794251,94.6194556091656,NA,NA,0,0,1260,30,0,"PSRS","PSRS","strategy_comparison","PSRS",5,9005
2,6,7.28577091250077,1.28577091250077,0.410063727855421,100.501122999283,0.46601090204732,89.5308018567778,NA,NA,0,0,2460,60,0,"PSRS","PSRS","strategy_comparison","PSRS",5,9005
3,9,8.21593991784242,2.21593991784242,0.326840775804265,80.1042930133699,0.426313915314877,81.9041496951238,NA,NA,0,0,3660,90,0,"PSRS","PSRS","strategy_comparison","PSRS",5,9005
4,12,8.7354256869957,2.7354256869957,0.236970836222992,58.078375483351,0.393711527800787,75.6405239220824,NA,NA,0,0,4860,120,0,"PSRS","PSRS","strategy_comparison","PSRS",5,9005
5,15,9.02997711518453,3.02997711518453,0.178898630996516,43.8456564110526,0.345029886104963,66.2877246687103,NA,NA,0,0,6060,150,0,"PSRS","PSRS","strategy_comparison","PSRS",5,9005
6,18,9.55197052836038,3.55197052836038,0.238994020785208,58.5742308997783,0.338661931661278,65.0643025019201,NA,NA,0,0,7260,180,0,"PSRS","PSRS","strategy_comparison","PSRS",5,9005
7,21,10.1723232357531,4.17232323575309,0.17658549524052,43.2787378436797,0.309187312965073,59.4015889587377,NA,NA,0,0,8460,210,0,"PSRS","PSRS","strategy_comparison","PSRS",5,9005
8,24,10.7070012090288,4.70700120902881,0.143722698553307,35.2245068849091,0.292183707342919,56.1348275179222,NA,NA,0,0,9660,240,0,"PSRS","PSRS","strategy_comparison","PSRS",5,9005
9,27,10.8026371906827,4.80263719068274,0.179961737281845,44.1062095111814,0.28082495745271,53.9525652976753,NA,NA,0,0,10860,270,0,"PSRS","PSRS","strategy_comparison","PSRS",5,9005
10,30,11.3135306567479,5.31353065674788,0.144527002398681,35.4216309761215,0.257875951241109,49.5435634504779,NA,NA,0,0,12060,300,0,"PSRS","PSRS","strategy_comparison","PSRS",5,9005
11,33,11.6345839875648,5.63458398756475,0.133943003337608,32.8276346794381,0.24018922508537,46.1455597385737,NA,NA,0,0,13260,330,0,"PSRS","PSRS","strategy_comparison","PSRS",5,9005
12,36,11.9872544243053,5.98725442430528,0.128803692687196,31.5680585288971,0.215622678104109,41.4257932257698,NA,NA,0,0,14460,360,0,"PSRS","PSRS","strategy_comparison","PSRS",5,9005
13,39,12.2850590113516,6.28505901135162,0.115202997535174,28.2347104576163,0.203727396291545,39.140451586095,NA,NA,0,0,15660,390,0,"PSRS","PSRS","strategy_comparison","PSRS",5,9005
14,42,12.5498356485543,6.54983564855432,0.124444737408346,30.4997370196547,0.180276625742975,34.6350499267157,NA,NA,0,0,16860,420,0,"PSRS","PSRS","strategy_comparison","PSRS",5,9005
15,45,12.828857896948,6.82885789694796,0.109868587527032,26.9273180697047,0.161569618987859,31.0410281822295,NA,NA,0,0,18060,450,0,"PSRS","PSRS","strategy_comparison","PSRS",5,9005
16,48,13.0920568010193,7.09205680101935,0.119503922404385,29.2888094913246,0.153392568686735,29.4700394627243,NA,NA,0,0,19260,480,0,"PSRS","PSRS","strategy_comparison","PSRS",5,9005
17,51,13.4916852168965,7.49168521689647,0.0822082474967424,20.1481395012304,0.145531582258869,27.9597734685595,NA,NA,0,0,20460,510,0,"PSRS","PSRS","strategy_comparison","PSRS",5,9005
18,54,13.5771687951814,7.57716879518143,0.0723033912658943,17.7205920086668,0.135107987127425,25.9571747605709,NA,NA,0,0,21660,540,0,"PSRS","PSRS","strategy_comparison","PSRS",5,9005
19,57,13.6755625019706,7.67556250197065,0.0639983811803146,15.6851453611755,0.127102967133171,24.4192367942777,NA,NA,0,0,22860,570,0,"PSRS","PSRS","strategy_comparison","PSRS",5,9005
20,60,13.7009276353351,7.70092763533511,0.0667069796707355,16.3489865437768,0.116306885872399,22.3450754217834,NA,NA,0,0,24060,600,0,"PSRS","PSRS","strategy_comparison","PSRS",5,9005
1,3,6.5148767430373,0.514876743037302,0.353038576667386,86.5250228365732,0.48808025902062,93.7708040060888,NA,NA,0,1320,320,30,0,"MAGIC","MAGIC","strategy_comparison","MAGIC",5,9005
2,6,7.36348080436026,1.36348080436026,0.328789299529089,80.5818500593436,0.394391402548195,75.7711426072466,NA,NA,0,2520,520,60,0,"MAGIC","MAGIC","strategy_comparison","MAGIC",5,9005
3,9,8.04496325108659,2.04496325108659,0.273860053607192,67.1194281828084,0.351305642870558,67.4934336618118,NA,NA,0,3720,720,90,0,"MAGIC","MAGIC","strategy_comparison","MAGIC",5,9005
4,12,8.67428965481402,2.67428965481402,0.240049995696513,58.8330361957266,0.281966002991581,54.1717848944732,NA,NA,0,4920,920,120,0,"MAGIC","MAGIC","strategy_comparison","MAGIC",5,9005
5,15,9.47324432031335,3.47324432031335,0.183048888081951,44.8628287905833,0.24271292014623,46.6304162976116,NA,NA,0,6120,1120,150,0,"MAGIC","MAGIC","strategy_comparison","MAGIC",5,9005
6,18,9.96990866095503,3.96990866095503,0.132240361069645,32.4103398826237,0.165964494147756,31.8853790233738,NA,NA,0,7320,1320,180,0,"MAGIC","MAGIC","strategy_comparison","MAGIC",5,9005
7,21,10.5353592700978,4.53535927009783,0.106198885776926,26.0279233612603,0.150797042929793,28.9713826689926,NA,NA,0,8520,1520,210,0,"MAGIC","MAGIC","strategy_comparison","MAGIC",5,9005
8,24,10.6887012619276,4.68870126192755,0.101417712699156,24.85612192912,0.123370762241634,23.702199284715,NA,NA,0,9720,1720,240,0,"MAGIC","MAGIC","strategy_comparison","MAGIC",5,9005
9,27,11.2049393702279,5.20493937022795,0.0913480403581453,22.3881802172327,0.108627748642059,20.8697466026931,NA,NA,0,10920,1920,270,0,"MAGIC","MAGIC","strategy_comparison","MAGIC",5,9005
10,30,11.6681598202506,5.66815982025058,0.0565936975273545,13.870356653896,0.090446239080392,17.3766842668738,NA,NA,0,12120,2120,300,0,"MAGIC","MAGIC","strategy_comparison","MAGIC",5,9005
11,33,11.9000396116483,5.90003961164827,0.0458984494884389,11.24909472398,0.0853809610464113,16.4035344928718,NA,NA,0,13320,2320,330,0,"MAGIC","MAGIC","strategy_comparison","MAGIC",5,9005
12,36,12.0379136110329,6.03791361103287,0.0388955128561525,9.53276882625084,0.0742270829907828,14.2606325956288,NA,NA,0,14520,2520,360,0,"MAGIC","MAGIC","strategy_comparison","MAGIC",5,9005
13,39,12.1714503014668,6.17145030146679,0.0481246616110753,11.794709473984,0.066439673633931,12.7645023526605,NA,NA,0,15720,2720,390,0,"MAGIC","MAGIC","strategy_comparison","MAGIC",5,9005
14,42,12.337513462105,6.33751346210498,0.0349865743303821,8.57474039093993,0.0557480351184801,10.7104066968599,NA,NA,0,16920,2920,420,0,"MAGIC","MAGIC","strategy_comparison","MAGIC",5,9005
15,45,12.3697135542502,6.36971355425025,0.031306599676045,7.67282793137177,0.0499155070074931,9.58985154174499,NA,NA,0,18120,3120,450,0,"MAGIC","MAGIC","strategy_comparison","MAGIC",5,9005
16,48,12.3807463498646,6.3807463498646,0.0329129860477494,8.06653169827494,0.0414158396748693,7.95688109306567,NA,NA,0,19320,3320,480,0,"MAGIC","MAGIC","strategy_comparison","MAGIC",5,9005
17,51,12.4189079973334,6.41890799733342,0.0289788491319539,7.10232747534063,0.0341520243864989,6.56134462717997,NA,NA,0,20520,3520,510,0,"MAGIC","MAGIC","strategy_comparison","MAGIC",5,9005
18,54,12.4237495347427,6.42374953474275,0.0227675930185659,5.58003186071423,0.0229083291878855,4.40118690867484,NA,NA,0,21720,3720,540,0,"MAGIC","MAGIC","strategy_comparison","MAGIC",5,9005
19,57,12.2730762337992,6.27307623379918,0.0179719809115686,4.40469161605815,0.0229376101099563,4.40681240889509,NA,NA,0,22920,3920,570,0,"MAGIC","MAGIC","strategy_comparison","MAGIC",5,9005
20,60,12.4071550041248,6.40715500412478,0.0201106734092441,4.92885647914087,0.0230106909989932,4.42085283277173,NA,NA,0,24120,4120,600,0,"MAGIC","MAGIC","strategy_comparison","MAGIC",5,9005
1,3,6.17428346495053,0.174283464950532,0.15485882381349,100.765010706793,0.172268103470616,96.8628406200032,NA,NA,0,0,1260,30,0,"PSRS","PSRS","strategy_comparison","PSRS",6,9006
2,6,6.47199172653634,0.471991726536342,0.148771378116075,96.8039737069518,0.159767212545915,89.8338446488837,NA,NA,0,0,2460,60,0,"PSRS","PSRS","strategy_comparison","PSRS",6,9006
3,9,6.899156283138,0.899156283138,0.117873256144281,76.698890156418,0.144950753844895,81.5028521505855,NA,NA,0,0,3660,90,0,"PSRS","PSRS","strategy_comparison","PSRS",6,9006
4,12,7.16505531498805,1.16505531498805,0.118755001933728,77.2726328836736,0.136515685359031,76.7599852013104,NA,NA,0,0,4860,120,0,"PSRS","PSRS","strategy_comparison","PSRS",6,9006
5,15,7.36432523312748,1.36432523312748,0.158352802230565,103.038505777567,0.1302349883234,73.2284773731733,NA,NA,0,0,6060,150,0,"PSRS","PSRS","strategy_comparison","PSRS",6,9006
6,18,7.58373489547169,1.58373489547169,0.148122503276113,96.3817576614849,0.125595528203167,70.6198035842635,NA,NA,0,0,7260,180,0,"PSRS","PSRS","strategy_comparison","PSRS",6,9006
7,21,8.00910389895162,2.00910389895162,0.117335637849103,76.3490675764983,0.117076071954534,65.8294871173433,NA,NA,0,0,8460,210,0,"PSRS","PSRS","strategy_comparison","PSRS",6,9006
8,24,8.26005578979228,2.26005578979228,0.100228315806216,65.21751274245,0.111243043629517,62.5496942735425,NA,NA,0,0,9660,240,0,"PSRS","PSRS","strategy_comparison","PSRS",6,9006
9,27,8.47149227547775,2.47149227547775,0.0910049092517217,59.2159389390996,0.100672567908008,56.6061313941567,NA,NA,0,0,10860,270,0,"PSRS","PSRS","strategy_comparison","PSRS",6,9006
10,30,8.7779306583808,2.7779306583808,0.0773144339310438,50.307690391825,0.0868494895678452,48.8336964095838,NA,NA,0,0,12060,300,0,"PSRS","PSRS","strategy_comparison","PSRS",6,9006
11,33,8.92567587159755,2.92567587159755,0.0783362807912128,50.9725954148002,0.0783038385808668,44.0286511756177,NA,NA,0,0,13260,330,0,"PSRS","PSRS","strategy_comparison","PSRS",6,9006
12,36,8.96102710788795,2.96102710788795,0.0690836753161451,44.9520221804082,0.0735564157885628,41.359272178448,NA,NA,0,0,14460,360,0,"PSRS","PSRS","strategy_comparison","PSRS",6,9006
13,39,9.09111963106306,3.09111963106306,0.0798632716059038,51.9661923051965,0.0731627598264171,41.1379274608118,NA,NA,0,0,15660,390,0,"PSRS","PSRS","strategy_comparison","PSRS",6,9006
14,42,9.3555297613007,3.3555297613007,0.0490955599077766,31.945965350488,0.0654379066619105,36.7944000996125,NA,NA,0,0,16860,420,0,"PSRS","PSRS","strategy_comparison","PSRS",6,9006
15,45,9.40300167764802,3.40300167764802,0.056633203864958,36.8506311315232,0.0647072704391632,36.3835782552352,NA,NA,0,0,18060,450,0,"PSRS","PSRS","strategy_comparison","PSRS",6,9006
16,48,9.64771990473422,3.64771990473422,0.0775155836304209,50.4385763892274,0.0598406107715057,33.6471547952735,NA,NA,0,0,19260,480,0,"PSRS","PSRS","strategy_comparison","PSRS",6,9006
17,51,9.85099160158663,3.85099160158663,0.0406897785896172,26.4764117037199,0.0502433834211059,28.2508296224345,NA,NA,0,0,20460,510,0,"PSRS","PSRS","strategy_comparison","PSRS",6,9006
18,54,9.9145726303571,3.9145726303571,0.0590299228639517,38.4101510196868,0.0493611505319496,27.7547680648366,NA,NA,0,0,21660,540,0,"PSRS","PSRS","strategy_comparison","PSRS",6,9006
19,57,9.994725786446,3.994725786446,0.0589413793169462,38.3525366633181,0.0456116420025431,25.6464959020262,NA,NA,0,0,22860,570,0,"PSRS","PSRS","strategy_comparison","PSRS",6,9006
20,60,10.1205226703374,4.12052267033742,0.0534657320490509,34.789590477955,0.0419087986281948,23.5644626040192,NA,NA,0,0,24060,600,0,"PSRS","PSRS","strategy_comparison","PSRS",6,9006
1,3,6.2534205137022,0.253420513702205,0.207235609509041,134.846035225977,0.17122135722913,96.2742765601691,NA,NA,0,1320,320,30,0,"MAGIC","MAGIC","strategy_comparison","MAGIC",6,9006
2,6,6.88030698387439,0.880306983874386,0.100974559391841,65.7030856083909,0.137829593862179,77.4987691512448,NA,NA,0,2520,520,60,0,"MAGIC","MAGIC","strategy_comparison","MAGIC",6,9006
3,9,6.99279628809721,0.992796288097214,0.11924711617924,77.5928464562474,0.12351821087584,69.4517704246696,NA,NA,0,3720,720,90,0,"MAGIC","MAGIC","strategy_comparison","MAGIC",6,9006
4,12,7.35869366304076,1.35869366304076,0.117501380647351,76.4569146750927,0.102715203912717,57.7546639534796,NA,NA,0,4920,920,120,0,"MAGIC","MAGIC","strategy_comparison","MAGIC",6,9006
5,15,7.66246083859575,1.66246083859575,0.0569819005717145,37.0775244174495,0.0823807495329218,46.3210150422589,NA,NA,0,6120,1120,150,0,"MAGIC","MAGIC","strategy_comparison","MAGIC",6,9006
6,18,7.93025977589925,1.93025977589925,0.0481923669865443,31.3582671997653,0.0637966539706638,35.871557189947,NA,NA,0,7320,1320,180,0,"MAGIC","MAGIC","strategy_comparison","MAGIC",6,9006
7,21,8.18781716615535,2.18781716615535,0.0363193433018746,23.6326153496089,0.0517164919742513,29.0791285130856,NA,NA,0,8520,1520,210,0,"MAGIC","MAGIC","strategy_comparison","MAGIC",6,9006
8,24,8.27557919462101,2.27557919462101,0.0286056129407611,18.613371994364,0.0488317488641684,27.4570963058914,NA,NA,0,9720,1720,240,0,"MAGIC","MAGIC","strategy_comparison","MAGIC",6,9006
9,27,8.47995332759039,2.47995332759039,0.0189193342604681,12.3106121587073,0.0355835046989073,20.0078788522758,NA,NA,0,10920,1920,270,0,"MAGIC","MAGIC","strategy_comparison","MAGIC",6,9006
10,30,8.5434402804175,2.5434402804175,0.0187637275493183,12.2093605055632,0.0276282601111796,15.5348070933727,NA,NA,0,12120,2120,300,0,"MAGIC","MAGIC","strategy_comparison","MAGIC",6,9006
11,33,8.63947291245882,2.63947291245882,0.0178170658640566,11.5933776864892,0.0252915182817038,14.2209048280167,NA,NA,0,13320,2320,330,0,"MAGIC","MAGIC","strategy_comparison","MAGIC",6,9006
12,36,8.73251156133728,2.73251156133728,0.0124972467417068,8.13182723930654,0.0184719343482707,10.3863918895752,NA,NA,0,14520,2520,360,0,"MAGIC","MAGIC","strategy_comparison","MAGIC",6,9006
13,39,8.81117186535663,2.81117186535663,0.013219233579548,8.60161649414971,0.0160250183052397,9.01054091129432,NA,NA,0,15720,2720,390,0,"MAGIC","MAGIC","strategy_comparison","MAGIC",6,9006
14,42,9.03601882497914,3.03601882497914,0.00730088233786832,4.75060748123962,0.00900300763822679,5.06220754970453,NA,NA,0,16920,2920,420,0,"MAGIC","MAGIC","strategy_comparison","MAGIC",6,9006
15,45,9.1055174676415,3.1055174676415,0.00561898164550319,3.65621235992545,0.00624198997022012,3.50974363481177,NA,NA,0,18120,3120,450,0,"MAGIC","MAGIC","strategy_comparison","MAGIC",6,9006
16,48,9.09319205873678,3.09319205873678,0.00535794384859352,3.48635780625688,0.00644925984988657,3.626287260213,NA,NA,0,19320,3320,480,0,"MAGIC","MAGIC","strategy_comparison","MAGIC",6,9006
17,51,9.18033800873633,3.18033800873633,0.00170027692504415,1.10635234297615,0.00373162531609914,2.09821679675329,NA,NA,0,20520,3520,510,0,"MAGIC","MAGIC","strategy_comparison","MAGIC",6,9006
18,54,9.14832053074738,3.14832053074738,0.00222874554987125,1.45022132846607,0.00359062828954108,2.01893704480712,NA,NA,0,21720,3720,540,0,"MAGIC","MAGIC","strategy_comparison","MAGIC",6,9006
19,57,9.11998462707458,3.11998462707458,0.00178091958759409,1.15882567678537,0.00131469310718976,0.739225116782341,NA,NA,0,22920,3920,570,0,"MAGIC","MAGIC","strategy_comparison","MAGIC",6,9006
20,60,9.13261305954225,3.13261305954225,0.00110277963972307,0.717567132872978,0.00110101465374298,0.619078081067894,NA,NA,0,24120,4120,600,0,"MAGIC","MAGIC","strategy_comparison","MAGIC",6,9006
1,3,6.16808825067173,0.168088250671733,0.234414848387956,105.527873158607,0.305790656583493,97.0385723013996,NA,NA,0,0,1260,30,0,"PSRS","PSRS","strategy_comparison","PSRS",7,9007
2,6,6.67477083084017,0.674770830840167,0.196272276724076,88.3570134960505,0.287851953104421,91.3459648358996,NA,NA,0,0,2460,60,0,"PSRS","PSRS","strategy_comparison","PSRS",7,9007
3,9,7.04780893846976,1.04780893846976,0.223181108550654,100.470716238728,0.258534752310236,82.0425435321672,NA,NA,0,0,3660,90,0,"PSRS","PSRS","strategy_comparison","PSRS",7,9007
4,12,7.65783654118622,1.65783654118622,0.162636486905281,73.2149975956205,0.204880916057505,65.0162166763091,NA,NA,0,0,4860,120,0,"PSRS","PSRS","strategy_comparison","PSRS",7,9007
5,15,8.15398422292342,2.15398422292342,0.155707291604549,70.0956421118897,0.196162432200393,62.2495225085428,NA,NA,0,0,6060,150,0,"PSRS","PSRS","strategy_comparison","PSRS",7,9007
6,18,8.56295923499311,2.56295923499311,0.133499982741165,60.098450854403,0.179212542367387,56.8707018197825,NA,NA,0,0,7260,180,0,"PSRS","PSRS","strategy_comparison","PSRS",7,9007
7,21,8.88443551062331,2.88443551062331,0.0995052848086826,44.7948632354691,0.168626972606439,53.5115129286763,NA,NA,0,0,8460,210,0,"PSRS","PSRS","strategy_comparison","PSRS",7,9007
8,24,9.12107679160904,3.12107679160904,0.0987762520097969,44.4666703703058,0.158989079416454,50.4530565140861,NA,NA,0,0,9660,240,0,"PSRS","PSRS","strategy_comparison","PSRS",7,9007
9,27,9.4708862146382,3.4708862146382,0.108381094902108,48.7905374351203,0.15741204170726,49.952604703441,NA,NA,0,0,10860,270,0,"PSRS","PSRS","strategy_comparison","PSRS",7,9007
10,30,9.7493347298151,3.7493347298151,0.096849089576373,43.5991086342258,0.154494832260593,49.0268673281675,NA,NA,0,0,12060,300,0,"PSRS","PSRS","strategy_comparison","PSRS",7,9007
11,33,9.88049586603661,3.88049586603661,0.114348680521927,51.4769995883587,0.14919338843607,47.3445250826081,NA,NA,0,0,13260,330,0,"PSRS","PSRS","strategy_comparison","PSRS",7,9007
12,36,10.1274703100678,4.12747031006781,0.089477576765426,40.2806325468525,0.143386288291528,45.5017195713684,NA,NA,0,0,14460,360,0,"PSRS","PSRS","strategy_comparison","PSRS",7,9007
13,39,10.2763744327367,4.27637443273666,0.0808560196446971,36.3994168622546,0.137475642386322,43.6260551987924,NA,NA,0,0,15660,390,0,"PSRS","PSRS","strategy_comparison","PSRS",7,9007
14,42,10.4728325908474,4.4728325908474,0.0817953622417003,36.8222860922147,0.125961958482517,39.9723417059155,NA,NA,0,0,16860,420,0,"PSRS","PSRS","strategy_comparison","PSRS",7,9007
15,45,10.6559405566039,4.65594055660388,0.0754279936071742,33.955851332475,0.119925901266104,38.0568797321767,NA,NA,0,0,18060,450,0,"PSRS","PSRS","strategy_comparison","PSRS",7,9007
16,48,10.8064638184605,4.80646381846048,0.0572282810876799,25.7627826446854,0.0997940108659069,31.6682937498905,NA,NA,0,0,19260,480,0,"PSRS","PSRS","strategy_comparison","PSRS",7,9007
17,51,10.962913964928,4.96291396492803,0.058164667811399,26.1843212122615,0.0985289442856308,31.2668418017252,NA,NA,0,0,20460,510,0,"PSRS","PSRS","strategy_comparison","PSRS",7,9007
18,54,11.0599329477363,5.05993294773628,0.0556370149327654,25.0464332576385,0.0980905691118606,31.1277293073465,NA,NA,0,0,21660,540,0,"PSRS","PSRS","strategy_comparison","PSRS",7,9007
19,57,11.2046433338929,5.20464333389286,0.089097664637324,40.1096053310363,0.0915487660640017,29.0517756626744,NA,NA,0,0,22860,570,0,"PSRS","PSRS","strategy_comparison","PSRS",7,9007
20,60,11.477257911905,5.47725791190502,0.048368726129778,21.7744261123727,0.0824747835435222,26.1722687519236,NA,NA,0,0,24060,600,0,"PSRS","PSRS","strategy_comparison","PSRS",7,9007
1,3,6.16116661591948,0.161166615919485,0.208734134998623,93.9670395176981,0.30933339936249,98.1628143078293,NA,NA,0,1320,320,30,0,"MAGIC","MAGIC","strategy_comparison","MAGIC",7,9007
2,6,6.55701858997982,0.557018589979823,0.265103573906678,119.343192265779,0.301507634231333,95.6794124799971,NA,NA,0,2520,520,60,0,"MAGIC","MAGIC","strategy_comparison","MAGIC",7,9007
3,9,7.06965218252433,1.06965218252433,0.272977260002786,122.887734573379,0.273488200831301,86.7878202900607,NA,NA,0,3720,720,90,0,"MAGIC","MAGIC","strategy_comparison","MAGIC",7,9007
4,12,7.92740623207283,1.92740623207283,0.151068581326366,68.0074073724016,0.191795581349403,60.8637608349597,NA,NA,0,4920,920,120,0,"MAGIC","MAGIC","strategy_comparison","MAGIC",7,9007
5,15,8.28913984217185,2.28913984217185,0.143796533497908,64.7337080051378,0.146401035129044,46.458409132231,NA,NA,0,6120,1120,150,0,"MAGIC","MAGIC","strategy_comparison","MAGIC",7,9007
6,18,8.78514452858662,2.78514452858662,0.102177520059171,45.9978386634453,0.132916671784105,42.1793268934022,NA,NA,0,7320,1320,180,0,"MAGIC","MAGIC","strategy_comparison","MAGIC",7,9007
7,21,9.15153443852983,3.15153443852983,0.0789090888240303,35.5229558782137,0.103527636571239,32.8531098983013,NA,NA,0,8520,1520,210,0,"MAGIC","MAGIC","strategy_comparison","MAGIC",7,9007
8,24,9.51455029591666,3.51455029591666,0.0648193581347482,29.1801012201472,0.0803239741169101,25.4897381658596,NA,NA,0,9720,1720,240,0,"MAGIC","MAGIC","strategy_comparison","MAGIC",7,9007
9,27,9.82593577644186,3.82593577644186,0.0639885913747118,28.8061101957715,0.068385738361229,21.7012988248018,NA,NA,0,10920,1920,270,0,"MAGIC","MAGIC","strategy_comparison","MAGIC",7,9007
10,30,10.1814553362663,4.1814553362663,0.042975318328767,19.346444872141,0.0532597310494943,16.901262844139,NA,NA,0,12120,2120,300,0,"MAGIC","MAGIC","strategy_comparison","MAGIC",7,9007
11,33,10.35506459038,4.35506459038,0.0300329017233279,13.5200831578683,0.0426316418738714,13.5285809858468,NA,NA,0,13320,2320,330,0,"MAGIC","MAGIC","strategy_comparison","MAGIC",7,9007
12,36,10.5419241668587,4.54192416685868,0.0227313836051099,10.2331169816925,0.0311430627155396,9.88283414795494,NA,NA,0,14520,2520,360,0,"MAGIC","MAGIC","strategy_comparison","MAGIC",7,9007
13,39,10.6664727755662,4.66647277556619,0.0189225815875851,8.51848679100427,0.0269733048083061,8.55961728226916,NA,NA,0,15720,2720,390,0,"MAGIC","MAGIC","strategy_comparison","MAGIC",7,9007
14,42,10.6853242208342,4.68532422083422,0.0117920005747038,5.30847234930321,0.0177667784659184,5.63804936354304,NA,NA,0,16920,2920,420,0,"MAGIC","MAGIC","strategy_comparison","MAGIC",7,9007
15,45,10.6632630304978,4.66326303049777,0.0135409025992892,6.09578557748161,0.0162114279827655,5.14447970382965,NA,NA,0,18120,3120,450,0,"MAGIC","MAGIC","strategy_comparison","MAGIC",7,9007
16,48,10.6240156325547,4.62401563255468,0.0127772079712672,5.75198879842931,0.0149759185681162,4.75240732659608,NA,NA,0,19320,3320,480,0,"MAGIC","MAGIC","strategy_comparison","MAGIC",7,9007
17,51,10.6513793607523,4.65137936075229,0.0141611914383507,6.37502455223224,0.0139951220663767,4.44116468331074,NA,NA,0,20520,3520,510,0,"MAGIC","MAGIC","strategy_comparison","MAGIC",7,9007
18,54,10.5221970284638,4.52219702846384,0.00913108303363969,4.11059187931606,0.00798626803078719,2.53433527493113,NA,NA,0,21720,3720,540,0,"MAGIC","MAGIC","strategy_comparison","MAGIC",7,9007
19,57,10.7048084598086,4.70480845980864,0.0111447696367269,5.01710469577421,0.00752156560010224,2.38686817792274,NA,NA,0,22920,3920,570,0,"MAGIC","MAGIC","strategy_comparison","MAGIC",7,9007
20,60,10.8003271864423,4.80032718644234,0.00563599112848641,2.53718636434511,0.00409746976573767,1.30027719145424,NA,NA,0,24120,4120,600,0,"MAGIC","MAGIC","strategy_comparison","MAGIC",7,9007
1,3,6.24424115698391,0.244241156983913,0.421179545366666,117.347691126329,0.447875345407009,95.3578496389955,NA,NA,0,0,1260,30,0,"PSRS","PSRS","strategy_comparison","PSRS",8,9008
2,6,6.91725206580739,0.917252065807391,0.384965791119987,107.257931320533,0.438414014340655,93.3434226461674,NA,NA,0,0,2460,60,0,"PSRS","PSRS","strategy_comparison","PSRS",8,9008
3,9,7.87959558132018,1.87959558132018,0.398665694229612,111.074954289132,0.41485221569585,88.3268427530416,NA,NA,0,0,3660,90,0,"PSRS","PSRS","strategy_comparison","PSRS",8,9008
4,12,8.52553152654752,2.52553152654752,0.364802744773111,101.640168157748,0.394538381914407,84.0017922067515,NA,NA,0,0,4860,120,0,"PSRS","PSRS","strategy_comparison","PSRS",8,9008
5,15,9.39116982684367,3.39116982684367,0.252361382699963,70.3121172788851,0.365958087499961,77.9167164253768,NA,NA,0,0,6060,150,0,"PSRS","PSRS","strategy_comparison","PSRS",8,9008
6,18,9.7823324837372,3.7823324837372,0.360873118212047,100.545308236362,0.345947352831693,73.6561991916621,NA,NA,0,0,7260,180,0,"PSRS","PSRS","strategy_comparison","PSRS",8,9008
7,21,10.5178475374364,4.51784753743637,0.248755433317391,69.3074392525699,0.323987060498759,68.9805985456625,NA,NA,0,0,8460,210,0,"PSRS","PSRS","strategy_comparison","PSRS",8,9008
8,24,10.7757905956629,4.7757905956629,0.242585722971175,67.5884543872999,0.307546730590788,65.4802618482828,NA,NA,0,0,9660,240,0,"PSRS","PSRS","strategy_comparison","PSRS",8,9008
9,27,11.2725224892905,5.27252248929055,0.209117842467961,58.2637410978048,0.281919888918043,60.0240103711418,NA,NA,0,0,10860,270,0,"PSRS","PSRS","strategy_comparison","PSRS",8,9008
10,30,11.871108234491,5.871108234491,0.19908007543503,55.4670507116347,0.263590531977699,56.1214779343354,NA,NA,0,0,12060,300,0,"PSRS","PSRS","strategy_comparison","PSRS",8,9008
11,33,12.3265532473158,6.3265532473158,0.197643154122613,55.0667003142869,0.245396656384738,52.2477910459277,NA,NA,0,0,13260,330,0,"PSRS","PSRS","strategy_comparison","PSRS",8,9008
12,36,12.7322932290475,6.73229322904746,0.185575368730399,51.7044127379717,0.224572333125452,47.8140513758232,NA,NA,0,0,14460,360,0,"PSRS","PSRS","strategy_comparison","PSRS",8,9008
13,39,13.014464435946,7.01446443594605,0.186008383945863,51.825058045457,0.213916958037958,45.5453985779851,NA,NA,0,0,15660,390,0,"PSRS","PSRS","strategy_comparison","PSRS",8,9008
14,42,13.4846315957681,7.48463159576813,0.199026075017978,55.4520052890101,0.19662615083942,41.8639854127287,NA,NA,0,0,16860,420,0,"PSRS","PSRS","strategy_comparison","PSRS",8,9008
15,45,13.88602909333,7.88602909332996,0.134923751114294,37.5920218480272,0.176483662486718,37.5754162932415,NA,NA,0,0,18060,450,0,"PSRS","PSRS","strategy_comparison","PSRS",8,9008
16,48,14.188807743986,8.18880774398595,0.120742524151615,33.6408939746159,0.167586692937079,35.6811484054071,NA,NA,0,0,19260,480,0,"PSRS","PSRS","strategy_comparison","PSRS",8,9008
17,51,14.4761533621714,8.47615336217137,0.145306944514221,40.4849538182603,0.156137938092788,33.2435758661028,NA,NA,0,0,20460,510,0,"PSRS","PSRS","strategy_comparison","PSRS",8,9008
18,54,14.8804224036725,8.88042240367246,0.108675447482505,30.2788038604542,0.141063185645639,30.0339864302431,NA,NA,0,0,21660,540,0,"PSRS","PSRS","strategy_comparison","PSRS",8,9008
19,57,14.9997811235543,8.99978112355431,0.109577468957791,30.5301221845171,0.130424269387798,27.7688379079123,NA,NA,0,0,22860,570,0,"PSRS","PSRS","strategy_comparison","PSRS",8,9008
20,60,15.3377799790972,9.33777997909717,0.0734249220897004,20.4574157818036,0.115783596471546,24.6516690329591,NA,NA,0,0,24060,600,0,"PSRS","PSRS","strategy_comparison","PSRS",8,9008
1,3,6.35567905235929,0.355679052359291,0.32179863537208,89.6585014251873,0.446132421607774,94.9867609704986,NA,NA,0,1320,320,30,0,"MAGIC","MAGIC","strategy_comparison","MAGIC",8,9008
2,6,6.84921369539477,0.849213695394774,0.345784893141694,96.3414754655687,0.37151772690599,79.1004280629205,NA,NA,0,2520,520,60,0,"MAGIC","MAGIC","strategy_comparison","MAGIC",8,9008
3,9,7.75516544767439,1.75516544767439,0.336373877137817,93.7194084365384,0.277494404615244,59.0817734941767,NA,NA,0,3720,720,90,0,"MAGIC","MAGIC","strategy_comparison","MAGIC",8,9008
4,12,8.54897777717615,2.54897777717615,0.194109637835566,54.0822033642241,0.203111890237044,43.2448744672809,NA,NA,0,4920,920,120,0,"MAGIC","MAGIC","strategy_comparison","MAGIC",8,9008
5,15,9.208453849624,3.208453849624,0.194092924106575,54.0775466387759,0.201036308059456,42.8029589762106,NA,NA,0,6120,1120,150,0,"MAGIC","MAGIC","strategy_comparison","MAGIC",8,9008
6,18,9.88127685933324,3.88127685933324,0.105320367476998,29.3440222536039,0.155525745113544,33.1132328886125,NA,NA,0,7320,1320,180,0,"MAGIC","MAGIC","strategy_comparison","MAGIC",8,9008
7,21,10.3259914638085,4.32599146380849,0.0690229638017563,19.2309563128972,0.125680503004715,26.7588350887808,NA,NA,0,8520,1520,210,0,"MAGIC","MAGIC","strategy_comparison","MAGIC",8,9008
8,24,10.6229241300059,4.62292413000586,0.0438429469840071,12.2153809636418,0.0953156436324278,20.2938047538325,NA,NA,0,9720,1720,240,0,"MAGIC","MAGIC","strategy_comparison","MAGIC",8,9008
9,27,10.8277965047717,4.82779650477171,0.0448118328032008,12.4853288162813,0.0738234080343334,15.717858809082,NA,NA,0,10920,1920,270,0,"MAGIC","MAGIC","strategy_comparison","MAGIC",8,9008
10,30,10.9857286095089,4.98572860950889,0.0273638983172437,7.62404139296154,0.0564096116973548,12.0102598314319,NA,NA,0,12120,2120,300,0,"MAGIC","MAGIC","strategy_comparison","MAGIC",8,9008
11,33,11.0578668633723,5.05786686337234,0.0260708316234071,7.26377130704843,0.0455065629893621,9.68887445050946,NA,NA,0,13320,2320,330,0,"MAGIC","MAGIC","strategy_comparison","MAGIC",8,9008
12,36,11.1608041204028,5.16080412040276,0.0206120750170299,5.7428700875429,0.0346645926992834,7.38049337234976,NA,NA,0,14520,2520,360,0,"MAGIC","MAGIC","strategy_comparison","MAGIC",8,9008
13,39,11.3565784005429,5.35657840054288,0.0202834541061859,5.65131078565466,0.0215651868740474,4.59147811653592,NA,NA,0,15720,2720,390,0,"MAGIC","MAGIC","strategy_comparison","MAGIC",8,9008
14,42,11.4967297480011,5.49672974800113,0.0153652518670701,4.28101708644345,0.0173296286836215,3.68967870917446,NA,NA,0,16920,2920,420,0,"MAGIC","MAGIC","strategy_comparison","MAGIC",8,9008
15,45,11.5907737396049,5.59077373960495,0.0160782932515247,4.47968238504058,0.0148934987081518,3.17099841501632,NA,NA,0,18120,3120,450,0,"MAGIC","MAGIC","strategy_comparison","MAGIC",8,9008
16,48,11.7614932896321,5.76149328963211,0.00761818915262403,2.12255537444442,0.00750104072049291,1.5970584683797,NA,NA,0,19320,3320,480,0,"MAGIC","MAGIC","strategy_comparison","MAGIC",8,9008
17,51,11.7193208292259,5.71932082922594,0.00750185381084009,2.09014239545501,0.00846003365135379,1.80123917322021,NA,NA,0,20520,3520,510,0,"MAGIC","MAGIC","strategy_comparison","MAGIC",8,9008
18,54,11.6937023033756,5.69370230337562,0.00717179908236832,1.99818360790807,0.00906240029638784,1.92949001031977,NA,NA,0,21720,3720,540,0,"MAGIC","MAGIC","strategy_comparison","MAGIC",8,9008
19,57,11.6262857431925,5.62628574319249,0.00664247676376031,1.85070552490618,0.00608428020979035,1.29541374258826,NA,NA,0,22920,3920,570,0,"MAGIC","MAGIC","strategy_comparison","MAGIC",8,9008
20,60,11.6873570780212,5.68735707802115,0.00893850507592437,2.49041755308307,0.00787707946242239,1.67712147291674,NA,NA,0,24120,4120,600,0,"MAGIC","MAGIC","strategy_comparison","MAGIC",8,9008
