"cycle","year","meanG","gain","varG","varGpct","varGenic","varGenicPct","bridgePoolY","donorPoolY","nElig","nGeno","nPheno","nCross","nBridgeIn","strategy","scenario","axis","level","rep","seed","donorImprove","group","donorMeanObs","donorGapObs","burnInUsed","eliteVarObs","h2","cycleYears","nBridge","bridgeBar","bridgeLag","varGxERatio"
1,3,6.3142452234741,0.314245223474098,0.332352730940079,102.21262552301,0.352790009398872,95.0774640200355,5.26584120853679,3.35984744774456,0,810,260,25,0,"CB","CB_equalBudget","resource_matched","equal genotyping + phenotyping budget",1,8204,0,"peripheral",3.23160248731515,2.76839751268485,9,0.325158197668309,0.3,3,2,"poolMean",0,0
2,6,6.76428728946568,0.764287289465678,0.281121261250504,86.4567657424627,0.304626338807507,82.0972788228238,6.06583691765649,3.40443947155292,9,1710,460,60,2,"CB","CB_equalBudget","resource_matched","equal genotyping + phenotyping budget",1,8204,0,"peripheral",3.23160248731515,2.76839751268485,9,0.325158197668309,0.3,3,2,"poolMean",0,0
3,9,7.14162590106244,1.14162590106244,0.263555684645835,81.0546025091102,0.252449456963252,68.0355268625638,6.51048769610345,3.3964780415922,50,2610,660,95,4,"CB","CB_equalBudget","resource_matched","equal genotyping + phenotyping budget",1,8204,0,"peripheral",3.23160248731515,2.76839751268485,9,0.325158197668309,0.3,3,2,"poolMean",0,0
4,12,7.75069442211505,1.75069442211505,0.143779627556762,44.2183615814694,0.184542640877308,49.7345328119449,6.88608748226456,3.42368423637536,45,3510,860,130,6,"CB","CB_equalBudget","resource_matched","equal genotyping + phenotyping budget",1,8204,0,"peripheral",3.23160248731515,2.76839751268485,9,0.325158197668309,0.3,3,2,"poolMean",0,0
5,15,8.3714348676702,2.3714348676702,0.169133017476247,52.0156092293197,0.184158184354124,49.6309211725095,7.01114452798378,3.41172435511568,16,4410,1060,165,8,"CB","CB_equalBudget","resource_matched","equal genotyping + phenotyping budget",1,8204,0,"peripheral",3.23160248731515,2.76839751268485,9,0.325158197668309,0.3,3,2,"poolMean",0,0
6,18,8.82449622745809,2.82449622745809,0.147646175504563,45.4074898198247,0.181576442141568,48.9351375738143,7.44731113505037,3.34549397136152,42,5310,1260,200,10,"CB","CB_equalBudget","resource_matched","equal genotyping + phenotyping budget",1,8204,0,"peripheral",3.23160248731515,2.76839751268485,9,0.325158197668309,0.3,3,2,"poolMean",0,0
7,21,9.37683351794628,3.37683351794628,0.121696643257046,37.4269030058986,0.140452737298398,37.852234250505,7.7005163307153,3.26140897183907,10,6210,1460,235,12,"CB","CB_equalBudget","resource_matched","equal genotyping + phenotyping budget",1,8204,0,"peripheral",3.23160248731515,2.76839751268485,9,0.325158197668309,0.3,3,2,"poolMean",0,0
8,24,9.63176903632521,3.63176903632521,0.108044319752851,33.2282318353436,0.122487325300515,33.0105273786341,8.06047042435747,3.3125761274718,7,7110,1660,270,14,"CB","CB_equalBudget","resource_matched","equal genotyping + phenotyping budget",1,8204,0,"peripheral",3.23160248731515,2.76839751268485,9,0.325158197668309,0.3,3,2,"poolMean",0,0
9,27,9.94693122060995,3.94693122060995,0.0836436690205659,25.7239920815067,0.107965282435789,29.0968139196815,8.15226884823544,3.30814057178481,10,8010,1860,305,16,"CB","CB_equalBudget","resource_matched","equal genotyping + phenotyping budget",1,8204,0,"peripheral",3.23160248731515,2.76839751268485,9,0.325158197668309,0.3,3,2,"poolMean",0,0
10,30,10.2571745053567,4.25717450535668,0.106167618402068,32.6510662081995,0.092922106635661,25.0426543126088,8.31949223280926,3.40853285035213,14,8910,2060,340,18,"CB","CB_equalBudget","resource_matched","equal genotyping + phenotyping budget",1,8204,0,"peripheral",3.23160248731515,2.76839751268485,9,0.325158197668309,0.3,3,2,"poolMean",0,0
11,33,10.4841127510327,4.48411275103269,0.0495611063981889,15.2421518982417,0.0613163770704571,16.5248603402598,8.44034424377831,3.45415578307538,22,9810,2260,375,20,"CB","CB_equalBudget","resource_matched","equal genotyping + phenotyping budget",1,8204,0,"peripheral",3.23160248731515,2.76839751268485,9,0.325158197668309,0.3,3,2,"poolMean",0,0
12,36,10.7782979071241,4.77829790712412,0.0435900290396522,13.4057911970954,0.0421316910344937,11.3545571918572,8.80475712640708,3.48851683853481,31,10710,2460,410,22,"CB","CB_equalBudget","resource_matched","equal genotyping + phenotyping budget",1,8204,0,"peripheral",3.23160248731515,2.76839751268485,9,0.325158197668309,0.3,3,2,"poolMean",0,0
13,39,10.8445311012319,4.8445311012319,0.0314889979707197,9.68420854726269,0.0379851953791705,10.2370700721114,8.69808441011534,3.48837812728867,39,11610,2660,445,24,"CB","CB_equalBudget","resource_matched","equal genotyping + phenotyping budget",1,8204,0,"peripheral",3.23160248731515,2.76839751268485,9,0.325158197668309,0.3,3,2,"poolMean",0,0
14,42,11.0500805236552,5.05008052365517,0.0365237056839611,11.2325956859985,0.0283648816494379,7.64438034697254,8.81717396955809,3.42129937688045,1,12510,2860,480,25,"CB","CB_equalBudget","resource_matched","equal genotyping + phenotyping budget",1,8204,0,"peripheral",3.23160248731515,2.76839751268485,9,0.325158197668309,0.3,3,2,"poolMean",0,0
15,45,11.239161524815,5.239161524815,0.0184345524774343,5.66941033922176,0.0253698635154537,6.83721823555549,8.88491010299372,3.38286263560507,7,13410,3060,515,27,"CB","CB_equalBudget","resource_matched","equal genotyping + phenotyping budget",1,8204,0,"peripheral",3.23160248731515,2.76839751268485,9,0.325158197668309,0.3,3,2,"poolMean",0,0
16,48,11.2411365254317,5.24113652543168,0.0261422867118785,8.03986702452631,0.0247388093632542,6.66714814611992,9.01990057965585,3.32486406903187,29,14310,3260,550,29,"CB","CB_equalBudget","resource_matched","equal genotyping + phenotyping budget",1,8204,0,"peripheral",3.23160248731515,2.76839751268485,9,0.325158197668309,0.3,3,2,"poolMean",0,0
17,51,11.383931831917,5.38393183191701,0.0142885342560077,4.39433308416332,0.0158764590070931,4.27873074576156,8.95345318339209,3.26195730981981,9,15210,3460,585,31,"CB","CB_equalBudget","resource_matched","equal genotyping + phenotyping budget",1,8204,0,"peripheral",3.23160248731515,2.76839751268485,9,0.325158197668309,0.3,3,2,"poolMean",0,0
18,54,11.4199515118521,5.41995151185209,0.0198363436099618,6.10052083945817,0.0180436064416558,4.86278039781047,9.0972174823538,3.31093677398587,24,16110,3660,620,33,"CB","CB_equalBudget","resource_matched","equal genotyping + phenotyping budget",1,8204,0,"peripheral",3.23160248731515,2.76839751268485,9,0.325158197668309,0.3,3,2,"poolMean",0,0
19,57,11.4627228280476,5.4627228280476,0.0210894636384229,6.48590864067222,0.0172992340622398,4.66217086739316,8.93829487134263,3.41787733334557,0,17010,3860,655,35,"CB","CB_equalBudget","resource_matched","equal genotyping + phenotyping budget",1,8204,0,"peripheral",3.23160248731515,2.76839751268485,9,0.325158197668309,0.3,3,2,"poolMean",0,0
20,60,11.5010026190874,5.5010026190874,0.0227415485032861,6.99399512802212,0.0186526479221131,5.02691803748898,9.04455625620172,3.47334311091519,0,17910,4060,690,37,"CB","CB_equalBudget","resource_matched","equal genotyping + phenotyping budget",1,8204,0,"peripheral",3.23160248731515,2.76839751268485,9,0.325158197668309,0.3,3,2,"poolMean",0,0
1,3,6.26046222971862,0.260462229718615,0.34354070662957,105.653404740548,0.358380483000222,96.5841054739501,5.49528058638552,3.33402578481723,4,1460,360,40,0,"CB","CB_lag2","resource_matched","2-cycle bridge development lag",1,8204,0,"peripheral",3.24667665251163,2.75332334748837,9,0.325158197668309,0.3,3,2,"poolMean",2,0
2,6,6.70461440737236,0.704614407372361,0.341133504616169,104.913087556278,0.333740648370779,89.9436311747141,6.43249418403187,3.39481033221721,141,3160,660,90,0,"CB","CB_lag2","resource_matched","2-cycle bridge development lag",1,8204,0,"peripheral",3.24667665251163,2.75332334748837,9,0.325158197668309,0.3,3,2,"poolMean",2,0
3,9,7.6661416079182,1.6661416079182,0.202813324301375,62.3737386157685,0.251635301546111,67.8161106934046,6.74378984933739,3.27238012296846,71,4860,960,140,1,"CB","CB_lag2","resource_matched","2-cycle bridge development lag",1,8204,0,"peripheral",3.24667665251163,2.75332334748837,9,0.325158197668309,0.3,3,2,"poolMean",2,0
4,12,8.16823908705662,2.16823908705662,0.277715137160227,85.409237457861,0.267066908688432,71.9749531599056,7.29859781203985,3.33096189268866,126,6560,1260,190,3,"CB","CB_lag2","resource_matched","2-cycle bridge development lag",1,8204,0,"peripheral",3.24667665251163,2.75332334748837,9,0.325158197668309,0.3,3,2,"poolMean",2,0
5,15,8.75081691947255,2.75081691947255,0.243885376100728,75.0051445264539,0.217516674536374,58.6210868959375,7.76558444076222,3.3004703226155,104,8260,1560,240,5,"CB","CB_lag2","resource_matched","2-cycle bridge development lag",1,8204,0,"peripheral",3.24667665251163,2.75332334748837,9,0.325158197668309,0.3,3,2,"poolMean",2,0
6,18,9.35495278442897,3.35495278442897,0.145949177702354,44.8855906906075,0.190337622259734,51.2962894354479,8.04724074722109,3.27932306439527,105,9960,1860,290,7,"CB","CB_lag2","resource_matched","2-cycle bridge development lag",1,8204,0,"peripheral",3.24667665251163,2.75332334748837,9,0.325158197668309,0.3,3,2,"poolMean",2,0
7,21,9.67506337424181,3.67506337424181,0.137494866747037,42.2855298537771,0.168133954218067,45.3123658743997,8.04973777326276,3.2226629611802,88,11660,2160,340,9,"CB","CB_lag2","resource_matched","2-cycle bridge development lag",1,8204,0,"peripheral",3.24667665251163,2.75332334748837,9,0.325158197668309,0.3,3,2,"poolMean",2,0
8,24,9.91586276576264,3.91586276576264,0.15651872911803,48.1361780943606,0.155110765079161,41.8025958588305,8.29505571907274,3.05785020665299,59,13360,2460,390,11,"CB","CB_lag2","resource_matched","2-cycle bridge development lag",1,8204,0,"peripheral",3.24667665251163,2.75332334748837,9,0.325158197668309,0.3,3,2,"poolMean",2,0
9,27,10.2450428850798,4.2450428850798,0.105832635445573,32.5480446762508,0.130026334205889,35.0423021705813,8.54463349387131,2.97881010767829,36,15060,2760,440,13,"CB","CB_lag2","resource_matched","2-cycle bridge development lag",1,8204,0,"peripheral",3.24667665251163,2.75332334748837,9,0.325158197668309,0.3,3,2,"poolMean",2,0
10,30,10.5135431238734,4.51354312387341,0.134445469097911,41.3477101490942,0.107906229435722,29.080899043014,8.80103008903027,3.02165063544179,115,16760,3060,490,15,"CB","CB_lag2","resource_matched","2-cycle bridge development lag",1,8204,0,"peripheral",3.24667665251163,2.75332334748837,9,0.325158197668309,0.3,3,2,"poolMean",2,0
11,33,10.9142372727831,4.91423727278308,0.143211379126163,44.043600977347,0.0972722904058564,26.215035700608,8.96602539336671,2.95426377676351,133,18460,3360,540,17,"CB","CB_lag2","resource_matched","2-cycle bridge development lag",1,8204,0,"peripheral",3.24667665251163,2.75332334748837,9,0.325158197668309,0.3,3,2,"poolMean",2,0
12,36,11.1952014334104,5.1952014334104,0.14273719334192,43.8977686447642,0.0768844457098954,20.7204793954869,9.27648982794764,2.90385637463745,98,20160,3660,590,19,"CB","CB_lag2","resource_matched","2-cycle bridge development lag",1,8204,0,"peripheral",3.24667665251163,2.75332334748837,9,0.325158197668309,0.3,3,2,"poolMean",2,0
13,39,11.535296821164,5.53529682116396,0.0908694860711196,27.9462386994206,0.0611590319117509,16.482455571794,9.0634270739188,2.7696733921482,58,21860,3960,640,21,"CB","CB_lag2","resource_matched","2-cycle bridge development lag",1,8204,0,"peripheral",3.24667665251163,2.75332334748837,9,0.325158197668309,0.3,3,2,"poolMean",2,0
14,42,11.7729840242182,5.77298402421818,0.0512277539316431,15.7547170266641,0.0517985619392333,13.9597941490992,9.17112986020877,2.6114317514265,59,23560,4260,690,23,"CB","CB_lag2","resource_matched","2-cycle bridge development lag",1,8204,0,"peripheral",3.24667665251163,2.75332334748837,9,0.325158197668309,0.3,3,2,"poolMean",2,0
15,45,12.066171431926,6.06617143192605,0.0289638130015929,8.90760657713407,0.0325371958824514,8.76882561413177,9.47398754977597,2.67141641039708,20,25260,4560,740,25,"CB","CB_lag2","resource_matched","2-cycle bridge development lag",1,8204,0,"peripheral",3.24667665251163,2.75332334748837,9,0.325158197668309,0.3,3,2,"poolMean",2,0
16,48,12.1654679071945,6.16546790719449,0.0483395065462089,14.8664578942954,0.0327155373606687,8.81688892382519,9.51520439512023,2.59669415305651,20,26960,4860,790,27,"CB","CB_lag2","resource_matched","2-cycle bridge development lag",1,8204,0,"peripheral",3.24667665251163,2.75332334748837,9,0.325158197668309,0.3,3,2,"poolMean",2,0
17,51,12.412648308224,6.41264830822404,0.0213674542418544,6.57140259574546,0.0231938680951575,6.25078403739468,9.6326392296311,2.6984920826012,71,28660,5160,840,29,"CB","CB_lag2","resource_matched","2-cycle bridge development lag",1,8204,0,"peripheral",3.24667665251163,2.75332334748837,9,0.325158197668309,0.3,3,2,"poolMean",2,0
18,54,12.4373614377551,6.43736143775515,0.0204468479807279,6.2882769456071,0.0229730161476886,6.1912640891824,9.7233484254618,2.7803919436084,76,30360,5460,890,31,"CB","CB_lag2","resource_matched","2-cycle bridge development lag",1,8204,0,"peripheral",3.24667665251163,2.75332334748837,9,0.325158197668309,0.3,3,2,"poolMean",2,0
19,57,12.5025493732113,6.50254937321134,0.0146716682558918,4.51216311355564,0.0152972167446506,4.122624042343,9.7982324012675,2.80003862003579,67,32060,5760,940,33,"CB","CB_lag2","resource_matched","2-cycle bridge development lag",1,8204,0,"peripheral",3.24667665251163,2.75332334748837,9,0.325158197668309,0.3,3,2,"poolMean",2,0
20,60,12.4526895365719,6.45268953657188,0.0115416949784261,3.54956297002227,0.0147345172639233,3.97097564469109,9.79382349483603,2.81917935033021,73,33760,6060,990,35,"CB","CB_lag2","resource_matched","2-cycle bridge development lag",1,8204,0,"peripheral",3.24667665251163,2.75332334748837,9,0.325158197668309,0.3,3,2,"poolMean",2,0
1,3,6.3142452234741,0.314245223474098,0.332352730940079,102.21262552301,0.352790009398872,95.0774640200355,5.45952736859974,3.24657836001901,0,810,260,25,0,"CB","CB_equalBudget_lag2","resource_matched","equal budget + 2-cycle lag",1,8204,0,"peripheral",3.21998852704235,2.78001147295765,9,0.325158197668309,0.3,3,2,"poolMean",2,0
2,6,6.70389558007816,0.703895580078159,0.298389411622377,91.7674577366066,0.30719472818361,82.7894638110325,6.2594757361423,3.18457183740942,11,1710,460,60,0,"CB","CB_equalBudget_lag2","resource_matched","equal budget + 2-cycle lag",1,8204,0,"peripheral",3.21998852704235,2.78001147295765,9,0.325158197668309,0.3,3,2,"poolMean",2,0
3,9,7.36699470371637,1.36699470371637,0.217527110924515,66.8988549218164,0.252728731880814,68.1107918933719,6.5893611029346,3.2208495467214,48,2610,660,95,0,"CB","CB_equalBudget_lag2","resource_matched","equal budget + 2-cycle lag",1,8204,0,"peripheral",3.21998852704235,2.78001147295765,9,0.325158197668309,0.3,3,2,"poolMean",2,0
4,12,7.98177298652274,1.98177298652274,0.241728061076399,74.3416782384135,0.238946828014699,64.3965470620319,6.93649793783896,3.34561190468361,50,3510,860,130,2,"CB","CB_equalBudget_lag2","resource_matched","equal budget + 2-cycle lag",1,8204,0,"peripheral",3.21998852704235,2.78001147295765,9,0.325158197668309,0.3,3,2,"poolMean",2,0
5,15,8.47860369014739,2.47860369014739,0.293203544331474,90.1725825871898,0.237646503725669,64.0461076150213,7.19536071287055,3.42313534809043,36,4410,1060,165,4,"CB","CB_equalBudget_lag2","resource_matched","equal budget + 2-cycle lag",1,8204,0,"peripheral",3.21998852704235,2.78001147295765,9,0.325158197668309,0.3,3,2,"poolMean",2,0
6,18,9.03280549782605,3.03280549782605,0.254185569887847,78.172892982738,0.207859398427952,56.0184357514377,7.73918240130528,3.52233611055165,56,5310,1260,200,6,"CB","CB_equalBudget_lag2","resource_matched","equal budget + 2-cycle lag",1,8204,0,"peripheral",3.21998852704235,2.78001147295765,9,0.325158197668309,0.3,3,2,"poolMean",2,0
7,21,9.35069354807121,3.35069354807121,0.135839268456416,41.776362838308,0.186441185847271,50.2461936760937,7.76360048041894,3.46258952392999,21,6210,1460,235,8,"CB","CB_equalBudget_lag2","resource_matched","equal budget + 2-cycle lag",1,8204,0,"peripheral",3.21998852704235,2.78001147295765,9,0.325158197668309,0.3,3,2,"poolMean",2,0
8,24,9.55368137200809,3.55368137200809,0.11840075249236,36.4132761656956,0.161142337314226,43.4281140903156,7.941629267533,3.35508189538288,27,7110,1660,270,10,"CB","CB_equalBudget_lag2","resource_matched","equal budget + 2-cycle lag",1,8204,0,"peripheral",3.21998852704235,2.78001147295765,9,0.325158197668309,0.3,3,2,"poolMean",2,0
9,27,9.92405064914294,3.92405064914294,0.111277786624736,34.2226606687769,0.13597707490233,36.6460361749045,8.05947607309996,3.25753493569703,12,8010,1860,305,12,"CB","CB_equalBudget_lag2","resource_matched","equal budget + 2-cycle lag",1,8204,0,"peripheral",3.21998852704235,2.78001147295765,9,0.325158197668309,0.3,3,2,"poolMean",2,0
10,30,10.2235256917828,4.22352569178281,0.0781223308678909,24.0259453484801,0.129146822110135,34.805272273443,8.26171432841951,3.23332456963579,19,8910,2060,340,14,"CB","CB_equalBudget_lag2","resource_matched","equal budget + 2-cycle lag",1,8204,0,"peripheral",3.21998852704235,2.78001147295765,9,0.325158197668309,0.3,3,2,"poolMean",2,0
11,33,10.3067454645122,4.30674546451215,0.0776751525682644,23.8884189681418,0.129338813538059,34.8570142661137,8.37786912718127,3.3195773973211,40,9810,2260,375,15,"CB","CB_equalBudget_lag2","resource_matched","equal budget + 2-cycle lag",1,8204,0,"peripheral",3.21998852704235,2.78001147295765,9,0.325158197668309,0.3,3,2,"poolMean",2,0
12,36,10.4900656347585,4.49006563475851,0.0806643468326792,24.8077235669033,0.104700498777029,28.2169495738124,8.53876783868928,3.27773653804643,40,10710,2460,410,17,"CB","CB_equalBudget_lag2","resource_matched","equal budget + 2-cycle lag",1,8204,0,"peripheral",3.21998852704235,2.78001147295765,9,0.325158197668309,0.3,3,2,"poolMean",2,0
13,39,10.7318236370371,4.7318236370371,0.0619469928817411,19.0513397250813,0.085518294153678,23.0473151700229,8.55793202705046,3.31851716002907,45,11610,2660,445,19,"CB","CB_equalBudget_lag2","resource_matched","equal budget + 2-cycle lag",1,8204,0,"peripheral",3.21998852704235,2.78001147295765,9,0.325158197668309,0.3,3,2,"poolMean",2,0
14,42,10.9042042409897,4.90420424098969,0.0474371513910094,14.5889452368658,0.061599862503269,16.6012601115694,8.56575440647518,3.3680067973881,1,12510,2860,480,21,"CB","CB_equalBudget_lag2","resource_matched","equal budget + 2-cycle lag",1,8204,0,"peripheral",3.21998852704235,2.78001147295765,9,0.325158197668309,0.3,3,2,"poolMean",2,0
15,45,11.0482498921853,5.04824989218531,0.0315348891860534,9.69832205129326,0.0510862546411957,13.7678262086925,8.70530039731831,3.37342934635222,17,13410,3060,515,23,"CB","CB_equalBudget_lag2","resource_matched","equal budget + 2-cycle lag",1,8204,0,"peripheral",3.21998852704235,2.78001147295765,9,0.325158197668309,0.3,3,2,"poolMean",2,0
16,48,11.0465151217287,5.04651512172875,0.0280041286668477,8.61246275433426,0.0500085868961674,13.4773930515062,8.71274194800598,3.31393808993547,25,14310,3260,550,24,"CB","CB_equalBudget_lag2","resource_matched","equal budget + 2-cycle lag",1,8204,0,"peripheral",3.21998852704235,2.78001147295765,9,0.325158197668309,0.3,3,2,"poolMean",2,0
17,51,11.1144522965191,5.11445229651907,0.0296464988414619,9.11756156051276,0.0416102227261888,11.2140206602107,8.90526984590526,3.46497462616338,13,15210,3460,585,26,"CB","CB_equalBudget_lag2","resource_matched","equal budget + 2-cycle lag",1,8204,0,"peripheral",3.21998852704235,2.78001147295765,9,0.325158197668309,0.3,3,2,"poolMean",2,0
18,54,11.3576985230444,5.35769852304444,0.0292217704602894,8.98693948663665,0.0388929917953166,10.4817226382108,9.12807235521299,3.36289037372196,35,16110,3660,620,28,"CB","CB_equalBudget_lag2","resource_matched","equal budget + 2-cycle lag",1,8204,0,"peripheral",3.21998852704235,2.78001147295765,9,0.325158197668309,0.3,3,2,"poolMean",2,0
19,57,11.5069161072388,5.50691610723881,0.0239089327922231,7.35301553633669,0.0314707414933999,8.48141447406909,8.99138540338492,3.4382885881374,0,17010,3860,655,30,"CB","CB_equalBudget_lag2","resource_matched","equal budget + 2-cycle lag",1,8204,0,"peripheral",3.21998852704235,2.78001147295765,9,0.325158197668309,0.3,3,2,"poolMean",2,0
20,60,11.422524104993,5.42252410499301,0.0388075900884547,11.9349874512596,0.0357284874652712,9.62888372960957,9.14008498901723,3.47959163978515,3,17910,4060,690,32,"CB","CB_equalBudget_lag2","resource_matched","equal budget + 2-cycle lag",1,8204,0,"peripheral",3.21998852704235,2.78001147295765,9,0.325158197668309,0.3,3,2,"poolMean",2,0
1,4,6.26046222971862,0.260462229718615,0.34354070662957,105.653404740548,0.358380483000222,96.5841054739501,5.49528058638552,3.33402578481723,4,1460,360,40,1,"CB","CB_cyc4_vs_GSRS3","resource_matched","CB 4-yr cycle vs GS-RS 3-yr cycle",1,8204,0,"peripheral",3.24667665251163,2.75332334748837,9,0.325158197668309,0.3,4,2,"poolMean",0,0
2,8,6.74009044645156,0.740090446451562,0.357967272463726,110.090188416189,0.353819332650852,95.354868260087,6.38365682047017,3.39481033221721,136,3160,660,90,3,"CB","CB_cyc4_vs_GSRS3","resource_matched","CB 4-yr cycle vs GS-RS 3-yr cycle",1,8204,0,"peripheral",3.24667665251163,2.75332334748837,9,0.325158197668309,0.3,4,2,"poolMean",0,0
3,12,7.82909414004048,1.82909414004048,0.182562503375246,56.1457483416968,0.304304955371673,82.01066547992,6.74823060769954,3.27238012296846,48,4860,960,140,5,"CB","CB_cyc4_vs_GSRS3","resource_matched","CB 4-yr cycle vs GS-RS 3-yr cycle",1,8204,0,"peripheral",3.24667665251163,2.75332334748837,9,0.325158197668309,0.3,4,2,"poolMean",0,0
4,16,8.24560471149122,2.24560471149122,0.172736876293764,53.123949367554,0.275287530880103,74.1904238076791,7.24760553891521,3.33096189268866,94,6560,1260,190,7,"CB","CB_cyc4_vs_GSRS3","resource_matched","CB 4-yr cycle vs GS-RS 3-yr cycle",1,8204,0,"peripheral",3.24667665251163,2.75332334748837,9,0.325158197668309,0.3,4,2,"poolMean",0,0
5,20,8.71724661459478,2.71724661459478,0.197421448956101,60.7155072121197,0.23315433995941,62.8354623941254,7.58086551127986,3.3004703226155,128,8260,1560,240,9,"CB","CB_cyc4_vs_GSRS3","resource_matched","CB 4-yr cycle vs GS-RS 3-yr cycle",1,8204,0,"peripheral",3.24667665251163,2.75332334748837,9,0.325158197668309,0.3,4,2,"poolMean",0,0
6,24,9.52006249277833,3.52006249277833,0.203078643808853,62.4553356689506,0.216830375634778,58.436128259397,8.2859575688914,3.27932306439527,99,9960,1860,290,11,"CB","CB_cyc4_vs_GSRS3","resource_matched","CB 4-yr cycle vs GS-RS 3-yr cycle",1,8204,0,"peripheral",3.24667665251163,2.75332334748837,9,0.325158197668309,0.3,4,2,"poolMean",0,0
7,28,10.3751673843696,4.37516738436963,0.132481745087727,40.7437813463556,0.170536768406596,45.9599280883804,8.60869944280698,3.2226629611802,86,11660,2160,340,13,"CB","CB_cyc4_vs_GSRS3","resource_matched","CB 4-yr cycle vs GS-RS 3-yr cycle",1,8204,0,"peripheral",3.24667665251163,2.75332334748837,9,0.325158197668309,0.3,4,2,"poolMean",0,0
8,32,10.7652784713088,4.76527847130881,0.120219150861955,36.9725111419732,0.163152034688777,43.9697307028313,8.74886238194528,3.05785020665299,53,13360,2460,390,15,"CB","CB_cyc4_vs_GSRS3","resource_matched","CB 4-yr cycle vs GS-RS 3-yr cycle",1,8204,0,"peripheral",3.24667665251163,2.75332334748837,9,0.325158197668309,0.3,4,2,"poolMean",0,0
9,36,10.9432457672948,4.94324576729478,0.119791755300619,36.8410687965548,0.127464885957018,34.3519878271106,8.96489391417522,2.97881010767829,28,15060,2760,440,17,"CB","CB_cyc4_vs_GSRS3","resource_matched","CB 4-yr cycle vs GS-RS 3-yr cycle",1,8204,0,"peripheral",3.24667665251163,2.75332334748837,9,0.325158197668309,0.3,4,2,"poolMean",0,0
10,40,11.2195876371378,5.21958763713777,0.116936131956647,35.9628429469684,0.105139483719315,28.3352567082084,9.28980819009941,3.02165063544179,129,16760,3060,490,19,"CB","CB_cyc4_vs_GSRS3","resource_matched","CB 4-yr cycle vs GS-RS 3-yr cycle",1,8204,0,"peripheral",3.24667665251163,2.75332334748837,9,0.325158197668309,0.3,4,2,"poolMean",0,0
11,44,11.705421923347,5.705421923347,0.0620002812419492,19.0677281663355,0.087309766525904,23.5301198001864,9.32505093013513,2.95426377676351,102,18460,3360,540,21,"CB","CB_cyc4_vs_GSRS3","resource_matched","CB 4-yr cycle vs GS-RS 3-yr cycle",1,8204,0,"peripheral",3.24667665251163,2.75332334748837,9,0.325158197668309,0.3,4,2,"poolMean",0,0
12,48,11.9650258475719,5.96502584757189,0.0662959231566445,20.3888210821836,0.0717350289993431,19.3327034693604,9.60515146948402,2.90385637463745,53,20160,3660,590,23,"CB","CB_cyc4_vs_GSRS3","resource_matched","CB 4-yr cycle vs GS-RS 3-yr cycle",1,8204,0,"peripheral",3.24667665251163,2.75332334748837,9,0.325158197668309,0.3,4,2,"poolMean",0,0
13,52,12.2167301760261,6.21673017602608,0.02094782813746,6.44234968937448,0.0507240483407295,13.6702110393766,9.49175976355494,2.7696733921482,52,21860,3960,640,25,"CB","CB_cyc4_vs_GSRS3","resource_matched","CB 4-yr cycle vs GS-RS 3-yr cycle",1,8204,0,"peripheral",3.24667665251163,2.75332334748837,9,0.325158197668309,0.3,4,2,"poolMean",0,0
14,56,12.3118037805418,6.31180378054178,0.0200627999253119,6.17016580519299,0.0364720667555396,9.82927952125063,9.53810142759762,2.6114317514265,59,23560,4260,690,27,"CB","CB_cyc4_vs_GSRS3","resource_matched","CB 4-yr cycle vs GS-RS 3-yr cycle",1,8204,0,"peripheral",3.24667665251163,2.75332334748837,9,0.325158197668309,0.3,4,2,"poolMean",0,0
15,60,12.4480687044819,6.44806870448194,0.0258133597539028,7.93870797015389,0.0390896484884597,10.5347219272169,9.60714085943983,2.67141641039708,22,25260,4560,740,29,"CB","CB_cyc4_vs_GSRS3","resource_matched","CB 4-yr cycle vs GS-RS 3-yr cycle",1,8204,0,"peripheral",3.24667665251163,2.75332334748837,9,0.325158197668309,0.3,4,2,"poolMean",0,0
1,3,6.3577552253662,0.357755225366198,0.221246430486161,69.4402338977279,0.350691141796898,94.73310012485,5.40810170160124,3.49521102519643,0,810,260,25,0,"CB","CB_equalBudget","resource_matched","equal genotyping + phenotyping budget",2,8205,0,"peripheral",3.61100994971248,2.38899005028752,6,0.318614178074364,0.3,3,2,"poolMean",0,0
2,6,6.61647108747825,0.616471087478249,0.231882508220998,72.7784650458578,0.311544291151839,84.1582606728782,6.11821622552124,3.52488151399331,12,1710,460,60,2,"CB","CB_equalBudget","resource_matched","equal genotyping + phenotyping budget",2,8205,0,"peripheral",3.61100994971248,2.38899005028752,6,0.318614178074364,0.3,3,2,"poolMean",0,0
3,9,7.14360515380154,1.14360515380154,0.212004608896637,66.5396029071738,0.298723770571139,80.6950204735362,6.28977101322722,3.49097263117405,26,2610,660,95,4,"CB","CB_equalBudget","resource_matched","equal genotyping + phenotyping budget",2,8205,0,"peripheral",3.61100994971248,2.38899005028752,6,0.318614178074364,0.3,3,2,"poolMean",0,0
4,12,7.89558896622857,1.89558896622857,0.215535609411154,67.647840003168,0.236467378655885,63.8775411996078,6.80671097141927,3.51692327907404,9,3510,860,130,5,"CB","CB_equalBudget","resource_matched","equal genotyping + phenotyping budget",2,8205,0,"peripheral",3.61100994971248,2.38899005028752,6,0.318614178074364,0.3,3,2,"poolMean",0,0
5,15,8.44817519854157,2.44817519854157,0.0707398480034533,22.2023540920212,0.122171604247177,33.002529685407,7.17821222252899,3.53795325791984,17,4410,1060,165,7,"CB","CB_equalBudget","resource_matched","equal genotyping + phenotyping budget",2,8205,0,"peripheral",3.61100994971248,2.38899005028752,6,0.318614178074364,0.3,3,2,"poolMean",0,0
6,18,8.80913776150514,2.80913776150514,0.0584242413650556,18.3369872986065,0.100499130874038,27.1480887106767,7.30741864478878,3.58970847879551,14,5310,1260,200,9,"CB","CB_equalBudget","resource_matched","equal genotyping + phenotyping budget",2,8205,0,"peripheral",3.61100994971248,2.38899005028752,6,0.318614178074364,0.3,3,2,"poolMean",0,0
7,21,9.0102390971912,3.0102390971912,0.0736203288401824,23.106419584065,0.0893578083621908,24.1384546046366,7.58137288850755,3.6154813438019,1,6210,1460,235,10,"CB","CB_equalBudget","resource_matched","equal genotyping + phenotyping budget",2,8205,0,"peripheral",3.61100994971248,2.38899005028752,6,0.318614178074364,0.3,3,2,"poolMean",0,0
8,24,9.30364593720327,3.30364593720327,0.0280548235128776,8.80526525292597,0.0680953209995259,18.3947642054156,7.92236252058539,3.64703349179367,6,7110,1660,270,12,"CB","CB_equalBudget","resource_matched","equal genotyping + phenotyping budget",2,8205,0,"peripheral",3.61100994971248,2.38899005028752,6,0.318614178074364,0.3,3,2,"poolMean",0,0
9,27,9.38269740663703,3.38269740663703,0.0278578778165692,8.74345202870014,0.067997347980257,18.3682985017301,8.10680392442283,3.6955455437304,38,8010,1860,305,14,"CB","CB_equalBudget","resource_matched","equal genotyping + phenotyping budget",2,8205,0,"peripheral",3.61100994971248,2.38899005028752,6,0.318614178074364,0.3,3,2,"poolMean",0,0
10,30,9.58814522247271,3.58814522247271,0.035607342285372,11.1756929652582,0.0604506108615986,16.3296789933655,8.14388022074865,3.49885931836883,25,8910,2060,340,16,"CB","CB_equalBudget","resource_matched","equal genotyping + phenotyping budget",2,8205,0,"peripheral",3.61100994971248,2.38899005028752,6,0.318614178074364,0.3,3,2,"poolMean",0,0
11,33,9.80140069352531,3.80140069352531,0.052134324718763,16.3628389150325,0.0516973535138793,13.9651390723078,7.96286189691685,3.42693950367419,4,9810,2260,375,18,"CB","CB_equalBudget","resource_matched","equal genotyping + phenotyping budget",2,8205,0,"peripheral",3.61100994971248,2.38899005028752,6,0.318614178074364,0.3,3,2,"poolMean",0,0
12,36,9.80367801639897,3.80367801639897,0.0304789100460713,9.56608718114157,0.0551903385596296,14.9087081068097,8.13043772895371,3.5410037766137,13,10710,2460,410,20,"CB","CB_equalBudget","resource_matched","equal genotyping + phenotyping budget",2,8205,0,"peripheral",3.61100994971248,2.38899005028752,6,0.318614178074364,0.3,3,2,"poolMean",0,0
13,39,9.87280445691717,3.87280445691717,0.0239758914484058,7.52505478359783,0.0330600017736837,8.93058331073534,8.21522327462197,3.49706270511847,23,11610,2660,445,22,"CB","CB_equalBudget","resource_matched","equal genotyping + phenotyping budget",2,8205,0,"peripheral",3.61100994971248,2.38899005028752,6,0.318614178074364,0.3,3,2,"poolMean",0,0
14,42,9.94676143053694,3.94676143053694,0.030674944338751,9.627614352928,0.0328044767565089,8.86155768062564,8.19956300685339,3.39308113107409,20,12510,2860,480,24,"CB","CB_equalBudget","resource_matched","equal genotyping + phenotyping budget",2,8205,0,"peripheral",3.61100994971248,2.38899005028752,6,0.318614178074364,0.3,3,2,"poolMean",0,0
15,45,10.0256923657834,4.02569236578337,0.027084547071181,8.50073503786749,0.033794327736823,9.12894867187311,8.36234461105624,3.2731599903735,4,13410,3060,515,26,"CB","CB_equalBudget","resource_matched","equal genotyping + phenotyping budget",2,8205,0,"peripheral",3.61100994971248,2.38899005028752,6,0.318614178074364,0.3,3,2,"poolMean",0,0
16,48,10.1783489286579,4.17834892865787,0.0317295257413765,9.95860445795067,0.0524610620475238,14.1714416227893,8.51980046815581,3.19887155184652,23,14310,3260,550,28,"CB","CB_equalBudget","resource_matched","equal genotyping + phenotyping budget",2,8205,0,"peripheral",3.61100994971248,2.38899005028752,6,0.318614178074364,0.3,3,2,"poolMean",0,0
17,51,10.5125660671963,4.51256606719626,0.0226906190528853,7.12166018160981,0.0364411484040163,9.84394114642772,8.4556072884024,3.04264227548927,20,15210,3460,585,30,"CB","CB_equalBudget","resource_matched","equal genotyping + phenotyping budget",2,8205,0,"peripheral",3.61100994971248,2.38899005028752,6,0.318614178074364,0.3,3,2,"poolMean",0,0
18,54,10.6368211892321,4.63682118923213,0.00980652379039819,3.07786798744071,0.0220519659150817,5.95695427115488,8.48961122475628,2.94814479449659,33,16110,3660,620,32,"CB","CB_equalBudget","resource_matched","equal genotyping + phenotyping budget",2,8205,0,"peripheral",3.61100994971248,2.38899005028752,6,0.318614178074364,0.3,3,2,"poolMean",0,0
19,57,10.5931578759062,4.59315787590616,0.0141883180921826,4.45313456479989,0.0247372423624469,6.68233490451709,8.35682359775243,2.90545462482426,19,17010,3860,655,34,"CB","CB_equalBudget","resource_matched","equal genotyping + phenotyping budget",2,8205,0,"peripheral",3.61100994971248,2.38899005028752,6,0.318614178074364,0.3,3,2,"poolMean",0,0
20,60,10.6022480399765,4.60224803997652,0.00726472348127666,2.28010050437275,0.0150191978714741,4.05717455098228,8.29232284073826,2.899109063104,23,17910,4060,690,36,"CB","CB_equalBudget","resource_matched","equal genotyping + phenotyping budget",2,8205,0,"peripheral",3.61100994971248,2.38899005028752,6,0.318614178074364,0.3,3,2,"poolMean",0,0
1,3,6.4079852225686,0.4079852225686,0.24583346761707,77.1571023935077,0.35349231416273,95.4897880207566,5.25500151433796,3.28661154921661,1,1460,360,40,0,"CB","CB_lag2","resource_matched","2-cycle bridge development lag",2,8205,0,"peripheral",3.39671961428039,2.60328038571961,6,0.318614178074364,0.3,3,2,"poolMean",2,0
2,6,7.33555562631073,1.33555562631073,0.228264461146219,71.642907583649,0.273621486407563,73.9140758883784,6.48376017905096,3.16179309960729,24,3160,660,90,0,"CB","CB_lag2","resource_matched","2-cycle bridge development lag",2,8205,0,"peripheral",3.39671961428039,2.60328038571961,6,0.318614178074364,0.3,3,2,"poolMean",2,0
3,9,7.83485656629126,1.83485656629126,0.201803438266953,63.337871367373,0.213354543361372,57.6340115543897,6.96760966587509,2.99947123966271,92,4860,960,140,1,"CB","CB_lag2","resource_matched","2-cycle bridge development lag",2,8205,0,"peripheral",3.39671961428039,2.60328038571961,6,0.318614178074364,0.3,3,2,"poolMean",2,0
4,12,8.48802295243175,2.48802295243175,0.189717270591226,59.5445161096838,0.200722920320646,54.2217987333726,7.51323887007294,3.09518684250258,117,6560,1260,190,3,"CB","CB_lag2","resource_matched","2-cycle bridge development lag",2,8205,0,"peripheral",3.39671961428039,2.60328038571961,6,0.318614178074364,0.3,3,2,"poolMean",2,0
5,15,9.11142339664438,3.11142339664438,0.167415472054505,52.5448908351563,0.186974924046324,50.508017139409,7.77216003855194,3.107346781555,128,8260,1560,240,5,"CB","CB_lag2","resource_matched","2-cycle bridge development lag",2,8205,0,"peripheral",3.39671961428039,2.60328038571961,6,0.318614178074364,0.3,3,2,"poolMean",2,0
6,18,9.42263752826606,3.42263752826606,0.187607721260722,58.8824145851209,0.145986707439109,39.4357647640151,8.27416414681316,3.14238927686073,147,9960,1860,290,7,"CB","CB_lag2","resource_matched","2-cycle bridge development lag",2,8205,0,"peripheral",3.39671961428039,2.60328038571961,6,0.318614178074364,0.3,3,2,"poolMean",2,0
7,21,10.1149305301451,4.11493053014511,0.112995847672248,35.464789531706,0.113465267978315,30.6506646760639,8.60065383646585,3.16982058073569,102,11660,2160,340,9,"CB","CB_lag2","resource_matched","2-cycle bridge development lag",2,8205,0,"peripheral",3.39671961428039,2.60328038571961,6,0.318614178074364,0.3,3,2,"poolMean",2,0
8,24,10.5016121069481,4.50161210694808,0.158446470257892,49.7298868542224,0.11056632869715,29.8675667518581,8.68607359311427,3.17326063844696,83,13360,2460,390,11,"CB","CB_lag2","resource_matched","2-cycle bridge development lag",2,8205,0,"peripheral",3.39671961428039,2.60328038571961,6,0.318614178074364,0.3,3,2,"poolMean",2,0
9,27,10.949154522525,4.94915452252495,0.0997606510867894,31.3108009473155,0.0863600513335379,23.3286627881389,8.97061191685035,3.17261332108331,80,15060,2760,440,13,"CB","CB_lag2","resource_matched","2-cycle bridge development lag",2,8205,0,"peripheral",3.39671961428039,2.60328038571961,6,0.318614178074364,0.3,3,2,"poolMean",2,0
10,30,11.2318753550089,5.2318753550089,0.0474805573602126,14.902211084006,0.0714933118711122,19.3126722193218,8.98555176776653,3.199456818799,20,16760,3060,490,15,"CB","CB_lag2","resource_matched","2-cycle bridge development lag",2,8205,0,"peripheral",3.39671961428039,2.60328038571961,6,0.318614178074364,0.3,3,2,"poolMean",2,0
11,33,11.3743788466481,5.37437884664809,0.0523304110196678,16.4243824100803,0.0598826797418571,16.1762622992488,8.98220420128272,3.21167141590549,16,18460,3360,540,17,"CB","CB_lag2","resource_matched","2-cycle bridge development lag",2,8205,0,"peripheral",3.39671961428039,2.60328038571961,6,0.318614178074364,0.3,3,2,"poolMean",2,0
12,36,11.4585835971883,5.45858359718831,0.033736264412377,10.5884379082788,0.0481565020836952,13.0086397682646,9.31765230749514,3.20958034444038,54,20160,3660,590,19,"CB","CB_lag2","resource_matched","2-cycle bridge development lag",2,8205,0,"peripheral",3.39671961428039,2.60328038571961,6,0.318614178074364,0.3,3,2,"poolMean",2,0
13,39,11.6905013924288,5.69050139242881,0.033550094872573,10.5300068802156,0.0398673475751722,10.7694691408496,9.19358837777323,3.18218240965532,44,21860,3960,640,21,"CB","CB_lag2","resource_matched","2-cycle bridge development lag",2,8205,0,"peripheral",3.39671961428039,2.60328038571961,6,0.318614178074364,0.3,3,2,"poolMean",2,0
14,42,11.8112055409499,5.81120554094995,0.0323991876736485,10.1687840351181,0.0469886800514198,12.6931729990024,9.43473893957438,3.19704617349304,14,23560,4260,690,23,"CB","CB_lag2","resource_matched","2-cycle bridge development lag",2,8205,0,"peripheral",3.39671961428039,2.60328038571961,6,0.318614178074364,0.3,3,2,"poolMean",2,0
15,45,12.0590053898962,6.0590053898962,0.0266620177552356,8.36812031290483,0.0310081743538217,8.37631789242812,9.55608726562347,3.25070739203679,44,25260,4560,740,25,"CB","CB_lag2","resource_matched","2-cycle bridge development lag",2,8205,0,"peripheral",3.39671961428039,2.60328038571961,6,0.318614178074364,0.3,3,2,"poolMean",2,0
16,48,12.1929094090295,6.19290940902953,0.0255740283016023,8.0266447827797,0.0198804887952094,5.37036757164018,9.60321753762185,3.13186244492514,34,26960,4860,790,27,"CB","CB_lag2","resource_matched","2-cycle bridge development lag",2,8205,0,"peripheral",3.39671961428039,2.60328038571961,6,0.318614178074364,0.3,3,2,"poolMean",2,0
17,51,12.314760463559,6.31476046355904,0.0185293395876742,5.81560422064756,0.0154057081594772,4.16158356920003,9.56976055622298,3.12740513438024,37,28660,5160,840,29,"CB","CB_lag2","resource_matched","2-cycle bridge development lag",2,8205,0,"peripheral",3.39671961428039,2.60328038571961,6,0.318614178074364,0.3,3,2,"poolMean",2,0
18,54,12.3850224742392,6.38502247423915,0.00892590686895407,2.80147824020273,0.016597458759133,4.48351422391396,9.76911518139554,3.11954757707296,31,30360,5460,890,31,"CB","CB_lag2","resource_matched","2-cycle bridge development lag",2,8205,0,"peripheral",3.39671961428039,2.60328038571961,6,0.318614178074364,0.3,3,2,"poolMean",2,0
19,57,12.3740170552185,6.37401705521852,0.0187989115836899,5.90021187924108,0.0344619962261362,9.30930767816058,9.78932730018889,3.16135457725263,27,32060,5760,940,33,"CB","CB_lag2","resource_matched","2-cycle bridge development lag",2,8205,0,"peripheral",3.39671961428039,2.60328038571961,6,0.318614178074364,0.3,3,2,"poolMean",2,0
20,60,12.4708322056122,6.47083220561221,0.0239195226321516,7.50736291043796,0.0421867656806058,11.3960195193039,9.83056625457578,3.174162908441,6,33760,6060,990,35,"CB","CB_lag2","resource_matched","2-cycle bridge development lag",2,8205,0,"peripheral",3.39671961428039,2.60328038571961,6,0.318614178074364,0.3,3,2,"poolMean",2,0
1,3,6.3577552253662,0.357755225366198,0.221246430486161,69.4402338977279,0.350691141796898,94.73310012485,5.15069340574668,3.25789206191922,0,810,260,25,0,"CB","CB_equalBudget_lag2","resource_matched","equal budget + 2-cycle lag",2,8205,0,"peripheral",3.32261249085713,2.67738750914287,6,0.318614178074364,0.3,3,2,"poolMean",2,0
2,6,6.66969227505495,0.669692275054947,0.181491388113383,56.9627469845437,0.311274481597211,84.0853763239258,5.93936877991832,3.35585863650048,0,1710,460,60,0,"CB","CB_equalBudget_lag2","resource_matched","equal budget + 2-cycle lag",2,8205,0,"peripheral",3.32261249085713,2.67738750914287,6,0.318614178074364,0.3,3,2,"poolMean",2,0
3,9,7.03580875783136,1.03580875783136,0.223108831645021,70.0247656879059,0.282199280302723,76.2312174156973,6.34164891607447,3.38233425805368,26,2610,660,95,0,"CB","CB_equalBudget_lag2","resource_matched","equal budget + 2-cycle lag",2,8205,0,"peripheral",3.32261249085713,2.67738750914287,6,0.318614178074364,0.3,3,2,"poolMean",2,0
4,12,7.77166288842208,1.77166288842208,0.233483251647346,73.280873142077,0.224285524905152,60.5868257137206,7.0023520868485,3.4128386838448,13,3510,860,130,0,"CB","CB_equalBudget_lag2","resource_matched","equal budget + 2-cycle lag",2,8205,0,"peripheral",3.32261249085713,2.67738750914287,6,0.318614178074364,0.3,3,2,"poolMean",2,0
5,15,8.64506976379915,2.64506976379915,0.108727531749679,34.125139190856,0.159629241315161,43.1210575290806,7.39711344825512,3.46455572570735,27,4410,1060,165,2,"CB","CB_equalBudget_lag2","resource_matched","equal budget + 2-cycle lag",2,8205,0,"peripheral",3.32261249085713,2.67738750914287,6,0.318614178074364,0.3,3,2,"poolMean",2,0
6,18,8.73127140333353,2.73127140333353,0.229815715917501,72.1297832087882,0.165685925603531,44.7571652339254,7.43773772156688,3.41171491988531,37,5310,1260,200,4,"CB","CB_equalBudget_lag2","resource_matched","equal budget + 2-cycle lag",2,8205,0,"peripheral",3.32261249085713,2.67738750914287,6,0.318614178074364,0.3,3,2,"poolMean",2,0
7,21,9.18209502671033,3.18209502671033,0.0890330195401597,27.9438347904843,0.114149848227728,30.8355920996048,7.69585237559707,3.38881651342037,6,6210,1460,235,6,"CB","CB_equalBudget_lag2","resource_matched","equal budget + 2-cycle lag",2,8205,0,"peripheral",3.32261249085713,2.67738750914287,6,0.318614178074364,0.3,3,2,"poolMean",2,0
8,24,9.37406639407336,3.37406639407336,0.0845521507207124,26.5374727614846,0.107356316687372,29.0004379513811,7.87353304250744,3.49166387650907,47,7110,1660,270,8,"CB","CB_equalBudget_lag2","resource_matched","equal budget + 2-cycle lag",2,8205,0,"peripheral",3.32261249085713,2.67738750914287,6,0.318614178074364,0.3,3,2,"poolMean",2,0
9,27,9.60407529020992,3.60407529020992,0.0776561530773676,24.3731002639948,0.081455000014349,22.0036486593037,8.17247194041264,3.44893115094184,49,8010,1860,305,9,"CB","CB_equalBudget_lag2","resource_matched","equal budget + 2-cycle lag",2,8205,0,"peripheral",3.32261249085713,2.67738750914287,6,0.318614178074364,0.3,3,2,"poolMean",2,0
10,30,9.83068543732964,3.83068543732964,0.063008496276609,19.7757980066735,0.0721987628866547,19.5032375165978,8.06044493102358,3.47167218853411,23,8910,2060,340,11,"CB","CB_equalBudget_lag2","resource_matched","equal budget + 2-cycle lag",2,8205,0,"peripheral",3.32261249085713,2.67738750914287,6,0.318614178074364,0.3,3,2,"poolMean",2,0
11,33,10.1074777044624,4.10747770446235,0.0645085720772691,20.2466106395971,0.049425391171175,13.3514080410976,8.17569564358058,3.44862406845501,3,9810,2260,375,13,"CB","CB_equalBudget_lag2","resource_matched","equal budget + 2-cycle lag",2,8205,0,"peripheral",3.32261249085713,2.67738750914287,6,0.318614178074364,0.3,3,2,"poolMean",2,0
12,36,10.3582414832856,4.35824148328561,0.0377850854628691,11.8591977580013,0.0427854663828946,11.5577480798947,8.51193767012732,3.5127654686492,30,10710,2460,410,15,"CB","CB_equalBudget_lag2","resource_matched","equal budget + 2-cycle lag",2,8205,0,"peripheral",3.32261249085713,2.67738750914287,6,0.318614178074364,0.3,3,2,"poolMean",2,0
13,39,10.4387625159769,4.43876251597692,0.0266608543006631,8.36775515195076,0.0323898539011617,8.7495545422846,8.67526145191403,3.51916818132561,19,11610,2660,445,17,"CB","CB_equalBudget_lag2","resource_matched","equal budget + 2-cycle lag",2,8205,0,"peripheral",3.32261249085713,2.67738750914287,6,0.318614178074364,0.3,3,2,"poolMean",2,0
14,42,10.5209614561249,4.52096145612495,0.024660916760702,7.74005629936098,0.0252458096780094,6.81971550152491,8.46358759448768,3.53236683368537,38,12510,2860,480,19,"CB","CB_equalBudget_lag2","resource_matched","equal budget + 2-cycle lag",2,8205,0,"peripheral",3.32261249085713,2.67738750914287,6,0.318614178074364,0.3,3,2,"poolMean",2,0
15,45,10.5771652746266,4.57716527462658,0.0258935572792674,8.12693190107314,0.03242040208774,8.75780660249612,8.51441760664668,3.56568456087154,3,13410,3060,515,21,"CB","CB_equalBudget_lag2","resource_matched","equal budget + 2-cycle lag",2,8205,0,"peripheral",3.32261249085713,2.67738750914287,6,0.318614178074364,0.3,3,2,"poolMean",2,0
16,48,10.6421355620138,4.6421355620138,0.013762690357046,4.31954737238147,0.0247055288638487,6.67376805557242,8.66630455448801,3.55599559869388,4,14310,3260,550,23,"CB","CB_equalBudget_lag2","resource_matched","equal budget + 2-cycle lag",2,8205,0,"peripheral",3.32261249085713,2.67738750914287,6,0.318614178074364,0.3,3,2,"poolMean",2,0
17,51,10.6918814100239,4.69188141002388,0.0143376114105551,4.49999165046846,0.0301047708327427,8.13227917569005,8.61020204623896,3.41130409671756,33,15210,3460,585,24,"CB","CB_equalBudget_lag2","resource_matched","equal budget + 2-cycle lag",2,8205,0,"peripheral",3.32261249085713,2.67738750914287,6,0.318614178074364,0.3,3,2,"poolMean",2,0
18,54,10.8826356987308,4.8826356987308,0.0193118844497771,6.06121314704011,0.026782131881914,7.23472616994611,8.80753936795174,3.47981834587081,65,16110,3660,620,26,"CB","CB_equalBudget_lag2","resource_matched","equal budget + 2-cycle lag",2,8205,0,"peripheral",3.32261249085713,2.67738750914287,6,0.318614178074364,0.3,3,2,"poolMean",2,0
19,57,11.0746681224734,5.07466812247337,0.0125714567855483,3.94566772311499,0.0210860433177568,5.69602711554903,8.94621826548859,3.53532822392528,41,17010,3860,655,28,"CB","CB_equalBudget_lag2","resource_matched","equal budget + 2-cycle lag",2,8205,0,"peripheral",3.32261249085713,2.67738750914287,6,0.318614178074364,0.3,3,2,"poolMean",2,0
20,60,11.0502633938459,5.05026339384594,0.0211785084590001,6.64707031777382,0.0172154334761949,4.65044932368888,8.84458787748682,3.39858757172357,22,17910,4060,690,30,"CB","CB_equalBudget_lag2","resource_matched","equal budget + 2-cycle lag",2,8205,0,"peripheral",3.32261249085713,2.67738750914287,6,0.318614178074364,0.3,3,2,"poolMean",2,0
1,4,6.4079852225686,0.4079852225686,0.24583346761707,77.1571023935077,0.35349231416273,95.4897880207566,5.25500151433796,3.28661154921661,1,1460,360,40,1,"CB","CB_cyc4_vs_GSRS3","resource_matched","CB 4-yr cycle vs GS-RS 3-yr cycle",2,8205,0,"peripheral",3.39671961428039,2.60328038571961,6,0.318614178074364,0.3,4,2,"poolMean",0,0
2,8,7.3167080264784,1.3167080264784,0.269215224959545,84.4956827052157,0.304051470718836,82.1342058174856,6.55525029225652,3.16179309960729,18,3160,660,90,3,"CB","CB_cyc4_vs_GSRS3","resource_matched","CB 4-yr cycle vs GS-RS 3-yr cycle",2,8205,0,"peripheral",3.39671961428039,2.60328038571961,6,0.318614178074364,0.3,4,2,"poolMean",0,0
3,12,7.73814286174793,1.73814286174793,0.154413807107463,48.464198310542,0.244999488060446,66.1823418579788,6.7595108055949,2.99947123966271,93,4860,960,140,5,"CB","CB_cyc4_vs_GSRS3","resource_matched","CB 4-yr cycle vs GS-RS 3-yr cycle",2,8205,0,"peripheral",3.39671961428039,2.60328038571961,6,0.318614178074364,0.3,4,2,"poolMean",0,0
4,16,8.28862045994638,2.28862045994638,0.14943032401588,46.9000861540454,0.172299770538236,46.5437801772039,7.06779478053134,3.09518684250258,75,6560,1260,190,7,"CB","CB_cyc4_vs_GSRS3","resource_matched","CB 4-yr cycle vs GS-RS 3-yr cycle",2,8205,0,"peripheral",3.39671961428039,2.60328038571961,6,0.318614178074364,0.3,4,2,"poolMean",0,0
5,20,8.66791309888621,2.66791309888621,0.0929692413161908,29.179254318837,0.154151144491633,41.6412451442629,7.28345833850326,3.107346781555,61,8260,1560,240,9,"CB","CB_cyc4_vs_GSRS3","resource_matched","CB 4-yr cycle vs GS-RS 3-yr cycle",2,8205,0,"peripheral",3.39671961428039,2.60328038571961,6,0.318614178074364,0.3,4,2,"poolMean",0,0
6,24,8.75558848285076,2.75558848285076,0.0892669239242044,28.0172478399156,0.148383597056211,40.0832427211761,7.66439734789008,3.14238927686073,109,9960,1860,290,11,"CB","CB_cyc4_vs_GSRS3","resource_matched","CB 4-yr cycle vs GS-RS 3-yr cycle",2,8205,0,"peripheral",3.39671961428039,2.60328038571961,6,0.318614178074364,0.3,4,2,"poolMean",0,0
7,28,8.99872683081053,2.99872683081053,0.0693670723881055,21.7714957969998,0.111887235305799,30.2243866514758,7.56102862917359,3.16982058073569,92,11660,2160,340,13,"CB","CB_cyc4_vs_GSRS3","resource_matched","CB 4-yr cycle vs GS-RS 3-yr cycle",2,8205,0,"peripheral",3.39671961428039,2.60328038571961,6,0.318614178074364,0.3,4,2,"poolMean",0,0
8,32,9.11449208272736,3.11449208272736,0.0840115223511847,26.3677915587223,0.115293108413344,31.1444239140549,7.42773817843337,3.17326063844696,54,13360,2460,390,15,"CB","CB_cyc4_vs_GSRS3","resource_matched","CB 4-yr cycle vs GS-RS 3-yr cycle",2,8205,0,"peripheral",3.39671961428039,2.60328038571961,6,0.318614178074364,0.3,4,2,"poolMean",0,0
9,36,9.17861548319167,3.17861548319167,0.0691347259560469,21.6985717251763,0.102506666808371,27.6903895560785,7.56745641984173,3.17261332108331,56,15060,2760,440,17,"CB","CB_cyc4_vs_GSRS3","resource_matched","CB 4-yr cycle vs GS-RS 3-yr cycle",2,8205,0,"peripheral",3.39671961428039,2.60328038571961,6,0.318614178074364,0.3,4,2,"poolMean",0,0
10,40,9.20827096230864,3.20827096230864,0.0577606201180916,18.1287036462673,0.086609639912204,23.3960847928455,7.67751829862216,3.199456818799,25,16760,3060,490,18,"CB","CB_cyc4_vs_GSRS3","resource_matched","CB 4-yr cycle vs GS-RS 3-yr cycle",2,8205,0,"peripheral",3.39671961428039,2.60328038571961,6,0.318614178074364,0.3,4,2,"poolMean",0,0
11,44,9.36640653175016,3.36640653175016,0.0891653677334267,27.9853734922668,0.0910906809721374,24.6065599397772,7.91742390642649,3.21167141590549,44,18460,3360,540,20,"CB","CB_cyc4_vs_GSRS3","resource_matched","CB 4-yr cycle vs GS-RS 3-yr cycle",2,8205,0,"peripheral",3.39671961428039,2.60328038571961,6,0.318614178074364,0.3,4,2,"poolMean",0,0
12,48,9.75480638348065,3.75480638348065,0.0886905909322429,27.8363604119158,0.0800155339193704,21.6148019807043,8.22587822362202,3.20958034444038,100,20160,3660,590,22,"CB","CB_cyc4_vs_GSRS3","resource_matched","CB 4-yr cycle vs GS-RS 3-yr cycle",2,8205,0,"peripheral",3.39671961428039,2.60328038571961,6,0.318614178074364,0.3,4,2,"poolMean",0,0
13,52,10.0054516197105,4.00545161971049,0.136705252389101,42.9062049954331,0.110071350896645,29.7338571255056,8.42360802526561,3.18218240965532,61,21860,3960,640,24,"CB","CB_cyc4_vs_GSRS3","resource_matched","CB 4-yr cycle vs GS-RS 3-yr cycle",2,8205,0,"peripheral",3.39671961428039,2.60328038571961,6,0.318614178074364,0.3,4,2,"poolMean",0,0
14,56,10.5147676878266,4.51476768782656,0.0812437643389642,25.4991051653709,0.0994313549861177,26.8596476637116,8.59768611361307,3.19704617349304,15,23560,4260,690,26,"CB","CB_cyc4_vs_GSRS3","resource_matched","CB 4-yr cycle vs GS-RS 3-yr cycle",2,8205,0,"peripheral",3.39671961428039,2.60328038571961,6,0.318614178074364,0.3,4,2,"poolMean",0,0
15,60,10.8078703572358,4.80787035723581,0.0988005135943216,31.009452935036,0.0942900366757314,25.4708101248563,8.75919285857556,3.25070739203679,35,25260,4560,740,28,"CB","CB_cyc4_vs_GSRS3","resource_matched","CB 4-yr cycle vs GS-RS 3-yr cycle",2,8205,0,"peripheral",3.39671961428039,2.60328038571961,6,0.318614178074364,0.3,4,2,"poolMean",0,0
1,3,6.20854289486265,0.208542894862646,0.31688208399834,94.378793690791,0.401712638144957,93.7296981060165,5.40162021031591,3.29592067938089,0,810,260,25,0,"CB","CB_equalBudget","resource_matched","equal genotyping + phenotyping budget",3,8206,0,"peripheral",3.33743223959536,2.66256776040464,8,0.335755598907659,0.3,3,2,"poolMean",0,0
2,6,6.87718580074352,0.877185800743522,0.348885382524568,103.910518144634,0.314209430258306,73.3129910380048,6.24922320774852,3.23347739450533,35,1710,460,60,2,"CB","CB_equalBudget","resource_matched","equal genotyping + phenotyping budget",3,8206,0,"peripheral",3.33743223959536,2.66256776040464,8,0.335755598907659,0.3,3,2,"poolMean",0,0
3,9,7.69421073823537,1.69421073823537,0.278312640015877,82.8914367835811,0.278800213190376,65.0511269321761,6.69948719852085,3.33296270051522,34,2610,660,95,4,"CB","CB_equalBudget","resource_matched","equal genotyping + phenotyping budget",3,8206,0,"peripheral",3.33743223959536,2.66256776040464,8,0.335755598907659,0.3,3,2,"poolMean",0,0
4,12,7.98172536204417,1.98172536204417,0.147995982736406,44.0784854274638,0.221898401002706,51.7744978904206,6.85355878911741,3.2998761444858,40,3510,860,130,6,"CB","CB_equalBudget","resource_matched","equal genotyping + phenotyping budget",3,8206,0,"peripheral",3.33743223959536,2.66256776040464,8,0.335755598907659,0.3,3,2,"poolMean",0,0
5,15,8.25870336696394,2.25870336696394,0.175938654616632,52.4008103480709,0.191511651952358,44.6845023451856,7.40245627283037,3.29381489630161,46,4410,1060,165,8,"CB","CB_equalBudget","resource_matched","equal genotyping + phenotyping budget",3,8206,0,"peripheral",3.33743223959536,2.66256776040464,8,0.335755598907659,0.3,3,2,"poolMean",0,0
6,18,9.25970305837644,3.25970305837644,0.174008379421694,51.8259055062103,0.162902797049456,38.0093343803673,7.91452662954654,3.17136300524273,25,5310,1260,200,10,"CB","CB_equalBudget","resource_matched","equal genotyping + phenotyping budget",3,8206,0,"peripheral",3.33743223959536,2.66256776040464,8,0.335755598907659,0.3,3,2,"poolMean",0,0
7,21,9.77049912431266,3.77049912431266,0.0956243338689951,28.4803393242279,0.134563577540146,31.3970791587399,8.2189980590547,3.20615443150901,48,6210,1460,235,12,"CB","CB_equalBudget","resource_matched","equal genotyping + phenotyping budget",3,8206,0,"peripheral",3.33743223959536,2.66256776040464,8,0.335755598907659,0.3,3,2,"poolMean",0,0
8,24,9.9761848252058,3.9761848252058,0.0947709900549871,28.2261830817753,0.114561417163493,26.7300702684314,8.19401709348681,3.35088267692112,21,7110,1660,270,14,"CB","CB_equalBudget","resource_matched","equal genotyping + phenotyping budget",3,8206,0,"peripheral",3.33743223959536,2.66256776040464,8,0.335755598907659,0.3,3,2,"poolMean",0,0
9,27,10.4390715261441,4.4390715261441,0.0590821338871468,17.5967680298894,0.103244280794721,24.0894966978112,8.71663855781659,3.36351126870886,41,8010,1860,305,16,"CB","CB_equalBudget","resource_matched","equal genotyping + phenotyping budget",3,8206,0,"peripheral",3.33743223959536,2.66256776040464,8,0.335755598907659,0.3,3,2,"poolMean",0,0
10,30,10.806407572718,4.806407572718,0.0301582660646462,8.98220794016912,0.0642706590056195,14.9959670014108,8.56354029048883,3.34074679594701,31,8910,2060,340,18,"CB","CB_equalBudget","resource_matched","equal genotyping + phenotyping budget",3,8206,0,"peripheral",3.33743223959536,2.66256776040464,8,0.335755598907659,0.3,3,2,"poolMean",0,0
11,33,10.9995448986151,4.9995448986151,0.0270908886460666,8.06863347452835,0.0537388953649055,12.538640711836,8.78295242458261,3.37479907996748,16,9810,2260,375,20,"CB","CB_equalBudget","resource_matched","equal genotyping + phenotyping budget",3,8206,0,"peripheral",3.33743223959536,2.66256776040464,8,0.335755598907659,0.3,3,2,"poolMean",0,0
12,36,11.180036414059,5.180036414059,0.0310780427277634,9.25615025598147,0.0436762535994741,10.1907723968677,8.7949008651019,3.23654409519916,18,10710,2460,410,22,"CB","CB_equalBudget","resource_matched","equal genotyping + phenotyping budget",3,8206,0,"peripheral",3.33743223959536,2.66256776040464,8,0.335755598907659,0.3,3,2,"poolMean",0,0
13,39,11.2197237656606,5.21972376566057,0.0303300803639321,9.03338037030725,0.038305658582914,8.93767702034082,8.95343648956848,3.23398884916504,19,11610,2660,445,24,"CB","CB_equalBudget","resource_matched","equal genotyping + phenotyping budget",3,8206,0,"peripheral",3.33743223959536,2.66256776040464,8,0.335755598907659,0.3,3,2,"poolMean",0,0
14,42,11.1716080382218,5.17160803822184,0.0297863276252686,8.87143139896246,0.0380931169460716,8.88808569170304,8.75893404836386,3.24801810507013,22,12510,2860,480,26,"CB","CB_equalBudget","resource_matched","equal genotyping + phenotyping budget",3,8206,0,"peripheral",3.33743223959536,2.66256776040464,8,0.335755598907659,0.3,3,2,"poolMean",0,0
15,45,11.1510375506803,5.15103755068032,0.0318744883133002,9.49336017537759,0.039697740888223,9.26248495971229,8.84038561041682,3.15179206481499,24,13410,3060,515,28,"CB","CB_equalBudget","resource_matched","equal genotyping + phenotyping budget",3,8206,0,"peripheral",3.33743223959536,2.66256776040464,8,0.335755598907659,0.3,3,2,"poolMean",0,0
16,48,11.332201217467,5.33220121746701,0.0380106866174987,11.3209390226587,0.0357217193931795,8.33477878617889,8.9682166519977,3.25069831124254,5,14310,3260,550,29,"CB","CB_equalBudget","resource_matched","equal genotyping + phenotyping budget",3,8206,0,"peripheral",3.33743223959536,2.66256776040464,8,0.335755598907659,0.3,3,2,"poolMean",0,0
17,51,11.4269549522691,5.42695495226912,0.0251855141013342,7.50114493496824,0.0297484047722631,6.94105371271302,8.97247104673944,3.0510007014414,11,15210,3460,585,31,"CB","CB_equalBudget","resource_matched","equal genotyping + phenotyping budget",3,8206,0,"peripheral",3.33743223959536,2.66256776040464,8,0.335755598907659,0.3,3,2,"poolMean",0,0
18,54,11.4408106270986,5.4408106270986,0.0310809463096171,9.25701504628223,0.0299856913446636,6.99641865940331,8.73241697716822,3.07137366985245,3,16110,3660,620,33,"CB","CB_equalBudget","resource_matched","equal genotyping + phenotyping budget",3,8206,0,"peripheral",3.33743223959536,2.66256776040464,8,0.335755598907659,0.3,3,2,"poolMean",0,0
19,57,11.3216332194636,5.32163321946361,0.0611591849794305,18.2153879722049,0.0452667001211357,10.5618637148245,8.74631006969633,3.04237404728002,11,17010,3860,655,35,"CB","CB_equalBudget","resource_matched","equal genotyping + phenotyping budget",3,8206,0,"peripheral",3.33743223959536,2.66256776040464,8,0.335755598907659,0.3,3,2,"poolMean",0,0
20,60,11.5782949403469,5.57829494034685,0.0278317614187078,8.28929182692862,0.0266082136923158,6.20836787221313,8.87096420959021,3.11320296688908,0,17910,4060,690,37,"CB","CB_equalBudget","resource_matched","equal genotyping + phenotyping budget",3,8206,0,"peripheral",3.33743223959536,2.66256776040464,8,0.335755598907659,0.3,3,2,"poolMean",0,0
1,3,6.21607566601583,0.216075666015827,0.318853885008135,94.966066402314,0.409374612699909,95.5174301655502,5.31661127477444,3.36165375401564,0,1460,360,40,0,"CB","CB_lag2","resource_matched","2-cycle bridge development lag",3,8206,0,"peripheral",3.36844391426322,2.63155608573678,8,0.335755598907659,0.3,3,2,"poolMean",2,0
2,6,6.6943991957594,0.6943991957594,0.295693703832395,88.0681378938725,0.31061479810464,72.4742726244612,6.37136199894776,3.37960950708716,54,3160,660,90,0,"CB","CB_lag2","resource_matched","2-cycle bridge development lag",3,8206,0,"peripheral",3.36844391426322,2.63155608573678,8,0.335755598907659,0.3,3,2,"poolMean",2,0
3,9,7.40764286833359,1.40764286833359,0.20448415073773,60.9026778415594,0.256124650015982,59.7603456898073,6.8126751172578,3.36199044648419,149,4860,960,140,0,"CB","CB_lag2","resource_matched","2-cycle bridge development lag",3,8206,0,"peripheral",3.36844391426322,2.63155608573678,8,0.335755598907659,0.3,3,2,"poolMean",2,0
4,12,8.16870505457079,2.16870505457079,0.130834699449413,38.9672428025229,0.201763367357625,47.0764863127344,7.10625643506027,3.33282931841874,86,6560,1260,190,2,"CB","CB_lag2","resource_matched","2-cycle bridge development lag",3,8206,0,"peripheral",3.36844391426322,2.63155608573678,8,0.335755598907659,0.3,3,2,"poolMean",2,0
5,15,8.37635008091922,2.37635008091922,0.237482712035998,70.7308270684449,0.198958085352981,46.4219432129411,7.47814567928541,3.36397055192011,96,8260,1560,240,4,"CB","CB_lag2","resource_matched","2-cycle bridge development lag",3,8206,0,"peripheral",3.36844391426322,2.63155608573678,8,0.335755598907659,0.3,3,2,"poolMean",2,0
6,18,8.83338286182857,2.83338286182857,0.133873438921966,39.872287865789,0.152322259275225,35.5406278543353,7.74419600483938,3.4768394210057,99,9960,1860,290,6,"CB","CB_lag2","resource_matched","2-cycle bridge development lag",3,8206,0,"peripheral",3.36844391426322,2.63155608573678,8,0.335755598907659,0.3,3,2,"poolMean",2,0
7,21,9.2131820574485,3.2131820574485,0.0943278861918105,28.0942109375674,0.122595374832812,28.6045953777709,7.75159014071911,3.35627320523371,42,11660,2160,340,8,"CB","CB_lag2","resource_matched","2-cycle bridge development lag",3,8206,0,"peripheral",3.36844391426322,2.63155608573678,8,0.335755598907659,0.3,3,2,"poolMean",2,0
8,24,9.47830767383671,3.47830767383671,0.0820768272768355,24.4454083696185,0.113551438817405,26.4944168274304,7.85192656275671,3.36202806780772,47,13360,2460,390,10,"CB","CB_lag2","resource_matched","2-cycle bridge development lag",3,8206,0,"peripheral",3.36844391426322,2.63155608573678,8,0.335755598907659,0.3,3,2,"poolMean",2,0
9,27,9.73501781967938,3.73501781967938,0.0717186201695628,21.3603646232232,0.110785435225171,25.8490383726785,8.05823798166327,3.37504776101437,51,15060,2760,440,12,"CB","CB_lag2","resource_matched","2-cycle bridge development lag",3,8206,0,"peripheral",3.36844391426322,2.63155608573678,8,0.335755598907659,0.3,3,2,"poolMean",2,0
10,30,9.97354916330996,3.97354916330996,0.0860817237298059,25.6382094624371,0.104768850178562,24.44521721671,8.1444190759106,3.46628233986552,40,16760,3060,490,14,"CB","CB_lag2","resource_matched","2-cycle bridge development lag",3,8206,0,"peripheral",3.36844391426322,2.63155608573678,8,0.335755598907659,0.3,3,2,"poolMean",2,0
11,33,10.1077573423443,4.10775734234427,0.0970926199029228,28.9176473061959,0.0981773794953451,22.9072607310351,8.5542416177022,3.48831150692213,84,18460,3360,540,16,"CB","CB_lag2","resource_matched","2-cycle bridge development lag",3,8206,0,"peripheral",3.36844391426322,2.63155608573678,8,0.335755598907659,0.3,3,2,"poolMean",2,0
12,36,10.4364918476291,4.43649184762906,0.0901929127902603,26.8626682871982,0.0854187397863765,19.9303480461683,8.69745914559519,3.56855302489267,84,20160,3660,590,18,"CB","CB_lag2","resource_matched","2-cycle bridge development lag",3,8206,0,"peripheral",3.36844391426322,2.63155608573678,8,0.335755598907659,0.3,3,2,"poolMean",2,0
13,39,10.7098339417638,4.70983394176382,0.071766687403255,21.3746807608687,0.0689417462724506,16.0858495636541,8.69342019069437,3.62764074083857,29,21860,3960,640,20,"CB","CB_lag2","resource_matched","2-cycle bridge development lag",3,8206,0,"peripheral",3.36844391426322,2.63155608573678,8,0.335755598907659,0.3,3,2,"poolMean",2,0
14,42,10.8855798664386,4.88557986643861,0.0589411106231046,17.5547662689356,0.0621559621312548,14.5025548435677,8.99498019722476,3.60330135579673,35,23560,4260,690,22,"CB","CB_lag2","resource_matched","2-cycle bridge development lag",3,8206,0,"peripheral",3.36844391426322,2.63155608573678,8,0.335755598907659,0.3,3,2,"poolMean",2,0
15,45,11.0537006285018,5.05370062850175,0.0324639214152066,9.66891438916406,0.0477587806843026,11.143329012805,9.13240352988488,3.52546012231995,82,25260,4560,740,24,"CB","CB_lag2","resource_matched","2-cycle bridge development lag",3,8206,0,"peripheral",3.36844391426322,2.63155608573678,8,0.335755598907659,0.3,3,2,"poolMean",2,0
16,48,11.1074517898095,5.10745178980951,0.0371234799320155,11.0566972085625,0.0409205514408044,9.54779752658489,8.96846901216711,3.71731304820877,62,26960,4860,790,26,"CB","CB_lag2","resource_matched","2-cycle bridge development lag",3,8206,0,"peripheral",3.36844391426322,2.63155608573678,8,0.335755598907659,0.3,3,2,"poolMean",2,0
17,51,11.2143103284854,5.21431032848544,0.0410200183905328,12.2172254234886,0.0355206429359667,8.28786257334125,9.10609205779126,3.70338332772688,3,28660,5160,840,28,"CB","CB_lag2","resource_matched","2-cycle bridge development lag",3,8206,0,"peripheral",3.36844391426322,2.63155608573678,8,0.335755598907659,0.3,3,2,"poolMean",2,0
18,54,11.3047295278907,5.30472952789075,0.0261467172225926,7.78742552846707,0.0279583356162261,6.52338539548251,9.40754209203613,3.71446862280045,47,30360,5460,890,30,"CB","CB_lag2","resource_matched","2-cycle bridge development lag",3,8206,0,"peripheral",3.36844391426322,2.63155608573678,8,0.335755598907659,0.3,3,2,"poolMean",2,0
19,57,11.4408878052571,5.44088780525715,0.0194893793244837,5.80463271137995,0.0267454936360447,6.2403987481675,9.31956981869298,3.70142363917403,39,32060,5760,940,32,"CB","CB_lag2","resource_matched","2-cycle bridge development lag",3,8206,0,"peripheral",3.36844391426322,2.63155608573678,8,0.335755598907659,0.3,3,2,"poolMean",2,0
20,60,11.4180241593576,5.41802415935764,0.0255194819003614,7.60061246435979,0.0307279479445394,7.16960585944965,9.28521917695241,3.71090197808008,21,33760,6060,990,34,"CB","CB_lag2","resource_matched","2-cycle bridge development lag",3,8206,0,"peripheral",3.36844391426322,2.63155608573678,8,0.335755598907659,0.3,3,2,"poolMean",2,0
1,3,6.20854289486265,0.208542894862646,0.31688208399834,94.378793690791,0.401712638144957,93.7296981060165,5.28206514643681,3.19545184597046,0,810,260,25,0,"CB","CB_equalBudget_lag2","resource_matched","equal budget + 2-cycle lag",3,8206,0,"peripheral",3.36055238039627,2.63944761960373,8,0.335755598907659,0.3,3,2,"poolMean",2,0
2,6,6.88495885240163,0.884958852401635,0.325744446758334,97.0183216059849,0.314237446311724,73.3195278904202,6.30462421034966,3.08934659334925,36,1710,460,60,0,"CB","CB_equalBudget_lag2","resource_matched","equal budget + 2-cycle lag",3,8206,0,"peripheral",3.36055238039627,2.63944761960373,8,0.335755598907659,0.3,3,2,"poolMean",2,0
3,9,7.96617208216437,1.96617208216437,0.228179098672307,67.9598789758565,0.255942807050301,59.7179171360166,7.15670602817803,3.04207579815941,54,2610,660,95,0,"CB","CB_equalBudget_lag2","resource_matched","equal budget + 2-cycle lag",3,8206,0,"peripheral",3.36055238039627,2.63944761960373,8,0.335755598907659,0.3,3,2,"poolMean",2,0
4,12,8.72207415764334,2.72207415764334,0.150510079651367,44.8272732133235,0.224891595285003,52.4728856676833,7.51010898363841,2.97474906227654,53,3510,860,130,2,"CB","CB_equalBudget_lag2","resource_matched","equal budget + 2-cycle lag",3,8206,0,"peripheral",3.36055238039627,2.63944761960373,8,0.335755598907659,0.3,3,2,"poolMean",2,0
5,15,9.024205628761,3.024205628761,0.321063617543069,95.6242036134649,0.212651750265928,49.617020878863,7.85879373176985,3.15941759305506,51,4410,1060,165,4,"CB","CB_equalBudget_lag2","resource_matched","equal budget + 2-cycle lag",3,8206,0,"peripheral",3.36055238039627,2.63944761960373,8,0.335755598907659,0.3,3,2,"poolMean",2,0
6,18,9.72716175401468,3.72716175401468,0.16766265774047,49.935923119656,0.160386269246602,37.4221649242952,8.17873990071831,3.1934596812024,22,5310,1260,200,6,"CB","CB_equalBudget_lag2","resource_matched","equal budget + 2-cycle lag",3,8206,0,"peripheral",3.36055238039627,2.63944761960373,8,0.335755598907659,0.3,3,2,"poolMean",2,0
7,21,10.2800252238079,4.28002522380789,0.0906133532149217,26.9878904505901,0.119555191857389,27.8952439523607,8.55920665224836,3.30359838561286,28,6210,1460,235,8,"CB","CB_equalBudget_lag2","resource_matched","equal budget + 2-cycle lag",3,8206,0,"peripheral",3.36055238039627,2.63944761960373,8,0.335755598907659,0.3,3,2,"poolMean",2,0
8,24,10.4438882037412,4.44388820374117,0.0675899513550662,20.1306997038804,0.109399360573234,25.525632170478,8.49612749373063,3.37192894304357,28,7110,1660,270,10,"CB","CB_equalBudget_lag2","resource_matched","equal budget + 2-cycle lag",3,8206,0,"peripheral",3.36055238039627,2.63944761960373,8,0.335755598907659,0.3,3,2,"poolMean",2,0
9,27,10.6838202882746,4.68382028827461,0.083280675052416,24.803957200821,0.114883735734933,26.8052753267899,9.01180798388797,3.47543855701404,66,8010,1860,305,12,"CB","CB_equalBudget_lag2","resource_matched","equal budget + 2-cycle lag",3,8206,0,"peripheral",3.36055238039627,2.63944761960373,8,0.335755598907659,0.3,3,2,"poolMean",2,0
10,30,11.0493905656801,5.04939056568013,0.0428377138224047,12.7585999940945,0.0806669168719682,18.8216278194971,8.85463802514394,3.48519651450217,40,8910,2060,340,14,"CB","CB_equalBudget_lag2","resource_matched","equal budget + 2-cycle lag",3,8206,0,"peripheral",3.36055238039627,2.63944761960373,8,0.335755598907659,0.3,3,2,"poolMean",2,0
11,33,11.1076328593003,5.10763285930035,0.0376795786365277,11.2223232491472,0.0771213680481733,17.9943617857247,8.93922681651701,3.51552727868547,19,9810,2260,375,16,"CB","CB_equalBudget_lag2","resource_matched","equal budget + 2-cycle lag",3,8206,0,"peripheral",3.36055238039627,2.63944761960373,8,0.335755598907659,0.3,3,2,"poolMean",2,0
12,36,11.204928913407,5.20492891340704,0.0500147860723369,14.896188249743,0.0745046792784898,17.3838222479287,8.98480332234476,3.5685072496211,12,10710,2460,410,18,"CB","CB_equalBudget_lag2","resource_matched","equal budget + 2-cycle lag",3,8206,0,"peripheral",3.36055238039627,2.63944761960373,8,0.335755598907659,0.3,3,2,"poolMean",2,0
13,39,11.4556496900515,5.45564969005152,0.0547429845171741,16.3044144893708,0.0654600915114167,15.2734916274735,9.22694492867333,3.397685114223,17,11610,2660,445,20,"CB","CB_equalBudget_lag2","resource_matched","equal budget + 2-cycle lag",3,8206,0,"peripheral",3.36055238039627,2.63944761960373,8,0.335755598907659,0.3,3,2,"poolMean",2,0
14,42,11.5465750466242,5.54657504662417,0.0374057861515699,11.1407780758579,0.054844985886622,12.7967195493781,9.15632068925947,3.33190516610927,21,12510,2860,480,22,"CB","CB_equalBudget_lag2","resource_matched","equal budget + 2-cycle lag",3,8206,0,"peripheral",3.36055238039627,2.63944761960373,8,0.335755598907659,0.3,3,2,"poolMean",2,0
15,45,11.691650378423,5.69165037842298,0.0380282371382318,11.3261661940864,0.0503055074404028,11.7375446469212,9.21396239509704,3.38026436026647,15,13410,3060,515,24,"CB","CB_equalBudget_lag2","resource_matched","equal budget + 2-cycle lag",3,8206,0,"peripheral",3.36055238039627,2.63944761960373,8,0.335755598907659,0.3,3,2,"poolMean",2,0
16,48,11.5759233416261,5.57592334162608,0.027333696542229,8.14095033147799,0.047672753486888,11.1232566962361,9.41913658211678,3.33157731733297,6,14310,3260,550,26,"CB","CB_equalBudget_lag2","resource_matched","equal budget + 2-cycle lag",3,8206,0,"peripheral",3.36055238039627,2.63944761960373,8,0.335755598907659,0.3,3,2,"poolMean",2,0
17,51,11.7186231605904,5.71862316059037,0.0332835606054613,9.91303219179228,0.0387036734849982,9.03054394328932,9.2168288102943,3.30803897721273,15,15210,3460,585,28,"CB","CB_equalBudget_lag2","resource_matched","equal budget + 2-cycle lag",3,8206,0,"peripheral",3.36055238039627,2.63944761960373,8,0.335755598907659,0.3,3,2,"poolMean",2,0
18,54,11.8199793889137,5.81997938891372,0.0325103245818099,9.68273490824229,0.0404157365146432,9.43001146228033,9.32898679901649,3.31919333634916,2,16110,3660,620,30,"CB","CB_equalBudget_lag2","resource_matched","equal budget + 2-cycle lag",3,8206,0,"peripheral",3.36055238039627,2.63944761960373,8,0.335755598907659,0.3,3,2,"poolMean",2,0
19,57,11.784639134473,5.78463913447304,0.0474616856751874,14.135783834908,0.0405140325666694,9.45294641230821,9.21847510991289,3.29248230462561,21,17010,3860,655,32,"CB","CB_equalBudget_lag2","resource_matched","equal budget + 2-cycle lag",3,8206,0,"peripheral",3.36055238039627,2.63944761960373,8,0.335755598907659,0.3,3,2,"poolMean",2,0
20,60,11.8287271636805,5.82872716368046,0.0289362519394606,8.61824852172271,0.0393642202307818,9.18466617193792,9.11026682699141,3.38547864139074,0,17910,4060,690,34,"CB","CB_equalBudget_lag2","resource_matched","equal budget + 2-cycle lag",3,8206,0,"peripheral",3.36055238039627,2.63944761960373,8,0.335755598907659,0.3,3,2,"poolMean",2,0
1,4,6.21607566601583,0.216075666015827,0.318853885008135,94.966066402314,0.409374612699909,95.5174301655502,5.31661127477444,3.36165375401564,0,1460,360,40,0,"CB","CB_cyc4_vs_GSRS3","resource_matched","CB 4-yr cycle vs GS-RS 3-yr cycle",3,8206,0,"peripheral",3.36844391426322,2.63155608573678,8,0.335755598907659,0.3,4,2,"poolMean",0,0
2,8,6.6943991957594,0.6943991957594,0.295693703832395,88.0681378938725,0.31061479810464,72.4742726244612,6.37136199894776,3.37960950708716,54,3160,660,90,2,"CB","CB_cyc4_vs_GSRS3","resource_matched","CB 4-yr cycle vs GS-RS 3-yr cycle",3,8206,0,"peripheral",3.36844391426322,2.63155608573678,8,0.335755598907659,0.3,4,2,"poolMean",0,0
3,12,7.36058518156184,1.36058518156184,0.216201590400551,64.392549552096,0.267183331263348,62.3406151569388,6.71196979479511,3.36199044648419,152,4860,960,140,4,"CB","CB_cyc4_vs_GSRS3","resource_matched","CB 4-yr cycle vs GS-RS 3-yr cycle",3,8206,0,"peripheral",3.36844391426322,2.63155608573678,8,0.335755598907659,0.3,4,2,"poolMean",0,0
4,16,8.10472656661702,2.10472656661702,0.125265444261727,37.3085198487421,0.215767367697795,50.3439730670022,6.90445970186748,3.33282931841874,89,6560,1260,190,6,"CB","CB_cyc4_vs_GSRS3","resource_matched","CB 4-yr cycle vs GS-RS 3-yr cycle",3,8206,0,"peripheral",3.36844391426322,2.63155608573678,8,0.335755598907659,0.3,4,2,"poolMean",0,0
5,20,8.52931531652792,2.52931531652792,0.189521712098582,56.4463296264213,0.192563130927766,44.929838930524,7.47463187690719,3.36397055192011,51,8260,1560,240,8,"CB","CB_cyc4_vs_GSRS3","resource_matched","CB 4-yr cycle vs GS-RS 3-yr cycle",3,8206,0,"peripheral",3.36844391426322,2.63155608573678,8,0.335755598907659,0.3,4,2,"poolMean",0,0
6,24,9.06413690435341,3.06413690435341,0.123917774580361,36.9071357211949,0.182482426052879,42.577756036189,7.80354671045759,3.4768394210057,79,9960,1860,290,10,"CB","CB_cyc4_vs_GSRS3","resource_matched","CB 4-yr cycle vs GS-RS 3-yr cycle",3,8206,0,"peripheral",3.36844391426322,2.63155608573678,8,0.335755598907659,0.3,4,2,"poolMean",0,0
7,28,9.39112925508051,3.39112925508051,0.117545004804146,35.0090974466442,0.145475287151563,33.943056433494,7.85446597047179,3.35627320523371,58,11660,2160,340,12,"CB","CB_cyc4_vs_GSRS3","resource_matched","CB 4-yr cycle vs GS-RS 3-yr cycle",3,8206,0,"peripheral",3.36844391426322,2.63155608573678,8,0.335755598907659,0.3,4,2,"poolMean",0,0
8,32,9.78422767279718,3.78422767279718,0.0665160352269234,19.8108491543627,0.123341878852523,28.778773608074,8.1031134941786,3.36202806780772,61,13360,2460,390,14,"CB","CB_cyc4_vs_GSRS3","resource_matched","CB 4-yr cycle vs GS-RS 3-yr cycle",3,8206,0,"peripheral",3.36844391426322,2.63155608573678,8,0.335755598907659,0.3,4,2,"poolMean",0,0
9,36,10.088275932688,4.08827593268803,0.0655804319165413,19.5321930981641,0.117656440679736,27.4522173762448,8.27335014241707,3.37504776101437,37,15060,2760,440,16,"CB","CB_cyc4_vs_GSRS3","resource_matched","CB 4-yr cycle vs GS-RS 3-yr cycle",3,8206,0,"peripheral",3.36844391426322,2.63155608573678,8,0.335755598907659,0.3,4,2,"poolMean",0,0
10,40,10.2575243662942,4.25752436629416,0.0525583359559737,15.6537481808095,0.106933277100264,24.9502326498328,8.26557620504081,3.46628233986552,34,16760,3060,490,18,"CB","CB_cyc4_vs_GSRS3","resource_matched","CB 4-yr cycle vs GS-RS 3-yr cycle",3,8206,0,"peripheral",3.36844391426322,2.63155608573678,8,0.335755598907659,0.3,4,2,"poolMean",0,0
11,44,10.3307718092888,4.33077180928879,0.0578076738722685,17.2171883537725,0.100565370169245,23.4644392305173,8.50179814781926,3.48831150692213,39,18460,3360,540,20,"CB","CB_cyc4_vs_GSRS3","resource_matched","CB 4-yr cycle vs GS-RS 3-yr cycle",3,8206,0,"peripheral",3.36844391426322,2.63155608573678,8,0.335755598907659,0.3,4,2,"poolMean",0,0
12,48,10.6043626456935,4.60436264569348,0.0455194215251967,13.5573082543638,0.0766405108542077,17.8821656650584,8.85517840646118,3.56855302489267,33,20160,3660,590,22,"CB","CB_cyc4_vs_GSRS3","resource_matched","CB 4-yr cycle vs GS-RS 3-yr cycle",3,8206,0,"peripheral",3.36844391426322,2.63155608573678,8,0.335755598907659,0.3,4,2,"poolMean",0,0
13,52,10.8180583525653,4.81805835256535,0.0368784151031373,10.9837081565034,0.0672460937191459,15.69021102301,8.74062955979593,3.62764074083857,11,21860,3960,640,23,"CB","CB_cyc4_vs_GSRS3","resource_matched","CB 4-yr cycle vs GS-RS 3-yr cycle",3,8206,0,"peripheral",3.36844391426322,2.63155608573678,8,0.335755598907659,0.3,4,2,"poolMean",0,0
14,56,10.9723224943948,4.97232249439478,0.0272825373911224,8.12571331048025,0.0528874285202165,12.3399720050995,8.99152535752493,3.60330135579673,13,23560,4260,690,25,"CB","CB_cyc4_vs_GSRS3","resource_matched","CB 4-yr cycle vs GS-RS 3-yr cycle",3,8206,0,"peripheral",3.36844391426322,2.63155608573678,8,0.335755598907659,0.3,4,2,"poolMean",0,0
15,60,11.0547659345156,5.0547659345156,0.0245411352669932,7.30922592112681,0.0373961286139784,8.72546072114649,9.05505881486819,3.52546012231995,30,25260,4560,740,27,"CB","CB_cyc4_vs_GSRS3","resource_matched","CB 4-yr cycle vs GS-RS 3-yr cycle",3,8206,0,"peripheral",3.36844391426322,2.63155608573678,8,0.335755598907659,0.3,4,2,"poolMean",0,0
